patient_id,age,gender,height,weight,bmi,heart_rate,systolic_bp,diastolic_bp,temperature,hemoglobin,glucose,cholesterol,creatinine,wbc_count,platelet_count,oxygen_saturation,symptom_count,medication_count,chronic_condition_count,hospital_visits,family_history_score,symptom_duration_days,diagnosis_category
PAT-10353,52.3,Male,164.5,64.8,23.93,76.4,100.9,67.0,36.54,13.58,98.5,237.2,0.83,6439.0,280.8,98.4,1,1,1,3,0.408,3,General
PAT-10690,83.2,Female,169.8,78.2,27.11,69.7,151.5,98.0,36.64,11.89,170.4,225.2,1.31,5769.2,278.1,96.9,4,3,1,3,0.473,29,Cardiovascular
PAT-10486,24.9,Male,162.5,72.2,27.34,88.1,134.9,79.6,36.87,12.81,95.4,216.5,1.05,6838.6,182.6,98.2,0,0,0,2,0.355,22,General
PAT-10389,53.4,Female,181.2,83.2,25.33,89.9,116.6,84.4,36.14,14.34,89.4,140.0,1.03,8082.6,241.0,96.8,2,2,2,1,0.159,7,Cardiovascular
PAT-10032,64.2,Female,163.6,54.9,20.52,78.4,117.4,89.5,36.33,14.41,94.9,154.8,0.82,8134.5,267.4,98.7,3,3,0,1,0.408,45,General
PAT-10443,18.0,Male,166.0,62.5,22.67,81.8,101.8,73.1,35.8,13.94,93.5,221.1,0.95,6729.9,267.9,98.1,2,1,2,0,0.208,1,General
PAT-10199,42.7,Male,159.1,81.4,32.16,74.7,114.1,80.9,36.43,14.92,91.0,185.8,0.77,6201.0,256.3,98.7,2,2,1,1,0.236,19,General
PAT-10426,58.4,Female,173.0,71.1,23.75,67.2,136.3,82.6,36.45,15.25,105.9,140.0,0.71,8205.4,159.1,97.4,1,0,0,0,0.224,8,General
PAT-10108,44.1,Male,168.5,81.8,28.83,72.5,115.5,78.0,36.54,12.06,94.0,174.7,1.1,5885.1,355.5,98.1,0,0,0,0,0.217,25,General
PAT-10715,75.0,Female,154.2,95.8,40.29,66.7,150.6,94.6,36.99,14.64,152.3,229.6,0.95,7792.2,230.2,97.9,2,2,0,3,0.886,26,Metabolic
PAT-10553,56.0,Male,157.5,77.5,31.24,71.0,121.9,73.8,36.54,13.44,90.4,214.4,1.07,7470.5,303.4,98.6,1,4,1,1,0.38,6,General
PAT-10676,71.3,Female,160.8,88.2,34.1,87.8,140.4,87.0,36.58,15.35,124.7,230.2,1.16,10388.2,335.3,97.1,2,3,2,2,0.527,108,Cardiovascular
PAT-10159,27.7,Female,166.4,76.2,27.49,62.4,119.2,71.1,36.15,14.32,92.8,173.3,0.95,6819.3,218.0,97.5,3,0,0,0,0.382,6,General
PAT-10476,39.0,Male,157.0,67.7,27.46,72.1,116.4,77.1,37.01,13.86,104.2,152.0,0.83,4666.8,271.9,98.5,1,0,1,1,0.088,2,Metabolic
PAT-10424,53.7,Female,165.7,77.7,28.3,58.0,137.0,72.3,36.5,14.72,111.4,160.1,1.02,7643.0,264.5,98.0,1,1,0,0,0.191,28,Cardiovascular
PAT-11025,31.8,Female,163.1,100.4,37.71,139.2,193.0,117.0,38.86,19.1,385.8,532.2,9.01,43093.3,656.0,90.1,9,5,5,12,0.969,345,Rare Candidate
PAT-10618,50.9,Female,169.2,107.2,37.46,90.3,136.6,96.2,36.76,13.92,162.7,274.4,0.7,6882.1,329.6,96.8,4,2,4,6,0.571,158,Respiratory
PAT-10484,44.4,Female,172.0,54.3,18.35,82.0,119.6,72.9,36.58,14.49,70.0,140.0,0.75,8532.4,299.3,98.5,1,4,0,0,0.257,8,General
PAT-10885,67.5,Male,168.3,79.5,28.09,71.6,145.5,96.8,37.03,12.78,131.0,208.5,1.14,6491.3,306.4,95.0,1,1,2,6,0.7,23,Metabolic
PAT-10651,60.2,Male,178.0,74.9,23.63,82.5,163.5,102.0,36.67,15.8,170.9,272.2,1.41,6763.2,173.2,96.5,4,1,3,1,0.582,103,Cardiovascular
PAT-10245,27.6,Female,163.0,71.0,26.72,74.1,127.7,77.3,36.34,14.11,82.1,190.2,0.9,6761.5,281.4,97.7,2,1,0,0,0.278,1,General
PAT-10848,61.0,Female,188.4,80.8,22.76,93.5,141.0,91.9,36.55,14.22,173.3,217.9,1.13,6871.7,343.2,97.5,1,2,1,2,0.294,107,Cardiovascular
PAT-10983,42.1,Female,152.4,126.5,54.47,38.3,78.6,46.1,40.76,6.03,332.1,509.2,4.23,2463.6,23.7,85.3,12,8,4,13,0.88,131,Respiratory
PAT-10829,40.9,Female,171.0,66.6,22.77,72.5,128.4,94.4,37.12,12.72,151.7,256.0,1.28,6335.2,305.4,97.0,1,4,2,0,0.318,82,Metabolic
PAT-10571,68.0,Female,170.3,108.0,37.24,69.3,147.3,95.6,36.44,12.6,104.0,276.8,0.86,6739.1,192.3,98.3,5,5,1,0,0.508,70,Cardiovascular
PAT-10060,53.7,Female,176.0,61.3,19.79,75.8,120.2,78.3,36.06,14.45,112.0,189.5,0.84,6924.2,320.9,98.1,2,0,0,1,0.571,3,General
PAT-10291,39.5,Male,188.9,78.5,22.0,74.3,103.6,81.0,36.81,13.96,84.6,170.7,0.88,4442.6,269.4,97.9,1,1,0,1,0.335,17,Metabolic
PAT-10071,46.3,Female,167.8,66.5,23.63,86.6,114.1,83.3,36.25,14.37,,172.2,1.23,6194.8,290.9,97.6,3,0,0,1,0.034,3,Metabolic
PAT-10345,36.3,Male,181.8,69.7,21.09,70.5,120.7,82.1,36.15,14.97,82.7,165.5,1.25,7290.9,179.3,98.3,1,0,0,0,0.386,15,Metabolic
PAT-10185,39.3,Female,174.8,58.8,19.23,79.3,135.6,73.1,36.71,15.14,108.5,184.7,0.88,8087.1,253.4,97.8,0,1,2,1,0.104,13,Cardiovascular
PAT-10142,57.7,Male,161.2,69.7,26.82,79.8,121.8,85.4,36.81,13.65,79.7,209.4,0.77,6542.1,157.6,98.7,4,2,1,2,0.428,7,Cardiovascular
PAT-10391,31.2,Male,162.0,55.2,21.06,69.6,110.4,91.8,36.72,13.11,85.2,245.0,0.82,5493.9,302.7,95.7,1,1,0,1,0.296,2,General
PAT-10492,59.8,Female,171.8,58.3,19.76,69.0,117.3,84.3,37.26,14.14,105.7,167.5,0.99,5775.3,261.3,98.9,2,1,0,2,0.44,6,General
PAT-10827,58.9,Male,167.5,60.0,21.37,91.4,159.2,87.5,36.19,12.05,122.8,258.7,1.41,6733.1,290.9,95.4,5,3,2,5,0.155,5,Cardiovascular
PAT-10102,37.0,Male,170.1,86.9,30.03,68.7,118.0,71.8,36.78,14.13,92.2,152.4,0.97,8546.5,243.8,96.9,2,0,0,0,0.388,12,General
PAT-10750,76.2,Female,172.4,93.0,31.27,92.1,138.6,85.3,36.41,13.17,148.6,234.9,1.7,5628.9,212.4,95.6,3,3,2,3,0.079,36,Metabolic
PAT-10552,40.1,Female,163.2,73.6,27.63,67.7,124.4,75.3,36.82,13.29,102.7,175.2,1.02,9271.8,221.6,97.1,1,1,1,2,0.377,19,Metabolic
PAT-10307,57.3,Male,167.9,85.2,30.2,68.2,110.5,81.0,36.31,15.46,98.7,178.8,0.72,5417.6,245.8,96.6,2,2,1,0,0.546,60,Metabolic
PAT-10987,58.8,Male,159.5,72.6,28.53,42.5,83.6,47.1,39.02,6.79,449.1,405.1,9.54,2700.0,31.2,83.5,13,11,6,5,0.842,279,Hematological
PAT-10322,49.1,Male,167.9,79.7,28.28,76.2,122.7,87.8,36.0,13.61,71.5,192.5,0.97,7371.5,285.8,99.9,1,1,2,1,0.356,3,Cardiovascular
PAT-10800,71.3,Male,175.2,63.5,20.7,91.4,163.9,100.1,37.37,12.29,90.0,214.6,1.15,5760.4,255.6,95.9,1,4,2,2,0.165,12,Cardiovascular
PAT-10731,56.3,Female,169.9,63.8,22.12,76.0,164.7,82.6,37.03,13.16,153.5,183.2,1.19,5306.4,244.8,96.6,3,3,2,2,0.471,5,Metabolic
PAT-10678,53.1,Male,171.4,77.7,26.46,64.6,139.5,97.7,36.51,15.7,139.5,228.1,1.56,6093.3,272.0,95.9,1,2,0,1,0.586,5,Cardiovascular
PAT-10654,39.8,Female,154.3,58.6,24.6,82.1,134.8,93.4,36.75,15.33,172.5,189.0,1.33,6338.3,182.5,99.2,3,3,0,1,0.295,62,Metabolic
PAT-10077,43.0,Female,178.3,73.6,23.14,81.9,139.6,78.5,36.91,13.45,102.0,200.8,0.7,7895.1,312.5,98.5,2,1,1,0,0.229,16,General
PAT-10193,44.6,Female,159.1,69.8,27.56,80.3,123.0,89.8,36.52,12.46,103.5,206.5,1.14,8893.5,300.7,98.2,0,1,0,0,0.405,5,Cardiovascular
PAT-10087,53.0,Male,168.7,64.6,22.71,72.5,139.9,74.2,36.89,13.21,97.9,177.9,1.3,5328.6,345.4,98.1,2,1,0,0,0.209,3,General
PAT-10459,35.4,Male,171.6,68.0,23.11,89.0,107.1,75.8,36.61,15.33,108.0,149.6,0.81,5295.0,226.9,98.1,1,2,0,0,0.051,9,Metabolic
PAT-11049,34.6,Male,177.4,129.0,41.01,138.2,212.9,119.4,39.66,20.03,347.4,552.1,8.76,45552.5,754.6,81.2,14,8,4,7,0.858,337,Rare Candidate
PAT-10919,60.8,Male,155.4,97.8,40.53,94.6,135.3,107.8,36.81,12.08,168.0,245.4,1.48,7670.8,341.1,98.8,2,1,0,0,0.456,27,Metabolic
PAT-11004,43.4,Male,169.7,68.1,23.65,134.4,193.0,129.4,39.23,19.39,388.8,417.7,5.52,41628.3,924.3,85.2,9,10,4,9,0.858,339,Rare Candidate
PAT-10310,39.6,Female,167.1,75.1,26.9,71.8,117.6,72.7,36.41,14.08,83.1,184.2,0.93,5388.0,297.5,98.6,1,1,0,1,0.271,3,General
PAT-10744,61.8,Male,172.1,125.0,42.21,91.3,134.4,94.5,36.91,13.28,168.1,240.2,1.7,7621.1,179.9,95.7,3,1,3,0,0.549,40,Respiratory
PAT-10874,53.5,Female,169.7,93.9,32.61,95.6,148.3,85.1,36.4,14.08,174.6,228.4,1.42,8373.4,380.0,97.5,1,2,3,2,0.753,137,Cardiovascular
PAT-10399,40.6,Female,174.7,83.0,27.21,70.1,131.6,73.1,36.9,15.25,98.3,169.6,0.86,4361.2,346.3,99.3,0,2,0,1,0.256,6,Cardiovascular
PAT-10617,63.8,Male,168.6,71.0,24.98,79.5,162.8,90.2,36.68,14.5,103.1,209.7,0.88,5885.4,230.5,96.1,3,1,1,1,0.515,44,Cardiovascular
PAT-10050,20.8,Male,182.2,71.0,21.41,76.0,106.9,79.8,36.75,14.95,96.9,196.2,0.96,8187.2,318.9,99.4,0,1,0,2,0.662,19,Cardiovascular
PAT-10200,28.3,Male,176.5,90.5,29.07,67.5,111.6,81.4,36.42,14.12,78.9,181.8,0.92,8236.6,294.6,98.0,0,0,2,1,0.373,20,Cardiovascular
PAT-10599,67.7,Female,165.4,81.7,29.86,85.7,143.2,89.6,36.61,11.91,90.0,222.0,0.79,9048.5,147.5,95.6,1,2,1,4,0.528,5,Metabolic
PAT-10970,79.3,Female,152.5,116.8,50.21,51.2,90.2,45.2,38.9,6.09,459.9,380.9,7.43,2004.7,44.1,85.9,6,9,3,5,0.968,449,Hematological
PAT-10883,64.4,Male,174.2,97.3,32.09,94.7,146.0,107.7,36.48,15.41,190.5,259.6,0.8,6898.4,151.5,95.1,1,4,2,5,0.56,53,Cardiovascular
PAT-10429,54.7,Female,162.2,67.7,25.72,76.9,127.8,81.6,36.46,12.7,77.0,245.0,0.95,5602.3,224.0,97.0,0,1,0,0,0.101,37,General
PAT-10498,39.7,Female,164.4,63.9,23.64,70.3,124.7,76.7,36.27,14.92,96.4,167.7,0.8,6839.2,258.6,98.7,1,2,1,2,0.17,16,General
PAT-10604,54.2,Female,146.2,80.1,37.51,85.6,165.9,106.8,36.85,13.84,158.0,270.4,1.12,8458.1,182.8,97.0,1,4,1,3,0.473,20,Metabolic
PAT-10011,36.4,Male,184.2,68.8,20.28,64.5,121.7,88.0,36.31,14.18,87.7,170.7,1.2,5658.9,238.5,99.0,0,0,0,0,0.237,11,General
PAT-10889,69.0,Male,165.0,58.2,21.37,81.6,141.2,93.0,36.71,13.83,101.2,217.3,1.06,6842.3,229.4,97.1,3,6,2,3,0.651,77,Cardiovascular
PAT-10671,47.1,Female,156.0,73.0,30.0,92.3,172.9,82.3,37.1,15.97,90.0,199.3,0.97,8797.7,197.2,96.5,4,2,3,1,0.327,29,Cardiovascular
PAT-10938,68.4,Male,161.4,65.0,24.97,42.8,78.4,45.1,39.66,4.83,340.1,504.5,5.16,1438.9,28.2,83.3,12,5,4,7,0.78,281,Rare Candidate
PAT-10929,62.3,Female,168.6,58.9,20.72,50.8,77.1,54.2,39.56,5.74,344.0,467.4,7.63,1204.9,21.7,88.6,14,7,5,11,0.93,356,Rare Candidate
PAT-10558,58.7,Female,179.6,111.8,34.66,71.3,122.3,95.4,36.82,13.54,147.3,254.6,0.9,6461.1,258.9,96.8,2,1,3,0,0.219,23,Metabolic
PAT-10637,61.3,Female,155.6,93.0,38.42,100.1,124.9,95.5,36.88,12.8,161.9,255.9,1.23,7336.1,255.8,95.8,1,3,2,2,0.352,29,Respiratory
PAT-10834,61.8,Female,164.8,90.0,33.13,82.3,160.0,87.2,36.81,13.93,196.6,255.4,1.31,6373.0,237.5,97.5,1,7,3,1,0.622,24,Metabolic
PAT-10372,48.0,Male,171.5,96.8,32.89,81.1,125.5,79.2,37.14,13.57,119.8,192.4,0.88,5449.2,281.4,98.7,1,1,0,1,0.529,12,General
PAT-10835,47.2,Female,174.0,94.8,31.3,83.6,130.7,97.4,36.7,13.12,90.0,252.1,1.17,9240.7,146.2,95.5,3,3,1,3,0.464,73,Cardiovascular
PAT-10583,78.3,Female,166.9,111.6,40.05,63.8,136.4,91.1,36.65,12.87,151.5,245.0,1.11,6860.7,196.8,96.0,2,6,2,4,0.567,48,Cardiovascular
PAT-10334,33.9,Female,166.3,79.4,28.69,73.5,132.7,87.6,36.48,15.73,91.0,159.2,1.05,7878.2,278.0,97.9,0,0,1,0,0.306,7,General
PAT-10946,59.8,Male,172.2,82.9,27.97,40.0,83.2,48.2,40.49,7.09,357.6,553.0,9.28,2689.8,49.9,79.3,11,5,3,9,0.896,289,Rare Candidate
PAT-10211,48.9,Male,167.8,45.0,15.98,90.0,131.8,89.9,36.69,13.66,97.4,169.7,0.64,7774.0,150.0,99.5,2,0,0,0,0.24,27,Cardiovascular
PAT-11020,27.9,Male,163.9,131.2,48.85,147.1,198.7,132.1,39.02,20.84,364.4,433.3,3.72,31565.9,690.1,88.9,12,11,4,11,0.806,306,Renal
PAT-10458,29.6,Female,156.3,59.4,24.31,59.0,123.6,91.3,36.04,13.92,80.6,165.5,0.83,5993.9,164.6,98.9,1,0,0,1,0.699,37,Metabolic
PAT-10089,35.6,Female,177.0,70.8,22.61,72.6,116.6,86.5,37.08,15.39,104.5,163.7,0.91,7721.0,308.8,98.3,0,0,0,1,0.383,2,
PAT-10880,49.7,Male,163.5,74.2,27.74,77.6,115.0,80.0,36.66,13.32,202.4,210.9,0.94,7450.9,247.2,96.4,5,3,0,2,0.266,37,Cardiovascular
PAT-10351,45.7,Male,162.5,76.6,29.0,70.0,123.3,80.1,36.51,15.83,99.3,195.1,0.84,7461.2,261.8,98.4,1,1,0,0,0.257,6,Cardiovascular
PAT-10219,36.2,Male,168.4,89.3,31.49,75.8,111.6,74.4,36.71,14.14,96.0,242.1,1.06,5598.4,227.8,98.5,0,1,0,2,0.128,3,General
PAT-10414,57.3,Female,162.1,62.2,23.66,84.0,116.7,82.4,36.39,13.87,79.8,187.0,1.09,5238.7,260.1,97.6,0,1,0,2,0.101,5,Metabolic
PAT-10278,34.8,Female,159.7,61.4,24.06,69.6,122.5,86.3,35.8,15.21,101.4,203.1,1.05,8807.4,249.6,98.7,0,0,2,0,0.323,3,Metabolic
PAT-10960,43.9,Other,169.5,110.2,38.35,40.4,75.0,46.4,40.77,5.34,326.1,449.8,9.72,2064.7,24.8,79.1,13,6,6,12,0.976,177,Hematological
PAT-10926,63.3,Female,155.4,107.5,44.55,42.9,88.3,47.6,39.31,4.51,381.5,474.9,5.59,2662.5,32.6,86.1,11,11,4,9,0.783,178,Hematological
PAT-10214,49.8,Female,180.3,48.0,14.78,72.5,124.8,77.1,36.99,16.48,107.4,211.6,0.79,5566.5,216.0,98.3,4,0,1,1,0.248,3,General
PAT-10097,45.6,Male,165.1,58.5,21.47,61.2,95.0,71.1,36.99,14.07,91.2,219.9,1.03,7238.5,313.4,99.4,0,1,1,0,0.096,13,Cardiovascular
PAT-10079,43.1,Male,164.7,64.9,23.91,71.4,130.1,72.8,36.31,14.36,96.0,186.8,1.11,6728.4,221.5,98.0,1,2,0,0,0.428,17,General
PAT-10704,48.8,Male,172.9,55.0,18.4,89.2,138.9,97.9,36.82,15.04,91.7,221.8,1.37,7033.4,234.6,97.3,3,3,0,3,0.264,122,Metabolic
PAT-10137,32.6,Female,173.7,84.6,28.03,68.5,115.1,81.0,36.36,13.23,89.9,188.4,0.98,7837.1,233.4,98.9,2,2,0,0,0.333,10,General
PAT-10209,48.2,Male,153.7,72.3,30.61,70.9,112.8,74.0,36.42,14.58,102.3,198.2,1.04,7537.9,298.9,98.7,1,0,0,1,0.674,7,General
PAT-10523,34.0,Female,168.8,74.7,26.21,68.1,110.5,74.3,36.58,14.85,111.2,157.0,0.75,5274.1,281.8,98.3,1,2,1,1,0.265,18,Metabolic
PAT-10838,58.6,Male,173.6,59.4,19.73,79.5,152.3,84.5,36.69,13.62,192.3,272.6,0.75,5052.4,368.0,95.1,2,5,4,4,0.277,48,Cardiovascular
PAT-10733,61.4,Female,163.1,58.8,22.1,72.3,131.5,94.8,36.97,13.84,,249.8,1.12,7177.7,235.3,96.8,4,5,2,2,0.82,10,Respiratory
PAT-10569,68.1,Male,173.2,88.3,29.43,80.9,127.5,95.0,36.62,15.27,198.6,277.9,1.08,7174.4,297.0,97.7,2,2,3,4,0.217,55,Respiratory
PAT-10261,30.9,Female,168.3,92.8,32.77,83.7,115.5,78.9,36.46,13.54,103.3,199.0,0.87,7971.7,233.0,96.7,1,0,0,0,0.253,1,General
PAT-10468,51.1,Female,191.4,60.2,16.43,74.7,122.5,80.0,36.95,15.52,91.9,231.8,0.98,8088.3,215.9,97.7,1,0,0,2,0.085,30,
PAT-10040,44.4,Female,171.9,60.3,20.39,78.7,104.6,92.0,36.5,13.58,90.5,183.1,0.97,7648.7,290.9,98.0,1,0,0,1,0.312,24,General
PAT-10031,34.8,Female,162.1,79.5,30.25,74.2,121.0,71.6,36.69,15.24,82.2,198.0,0.76,6670.2,215.9,98.9,1,0,1,0,0.281,16,Metabolic
PAT-10698,51.9,Male,166.2,108.6,39.3,92.2,125.7,85.5,36.38,12.71,139.9,263.0,1.32,7510.4,258.1,98.1,1,1,3,3,0.527,6,Cardiovascular
PAT-10452,53.5,Male,182.5,79.1,23.74,77.5,125.8,73.0,35.8,14.94,91.9,180.3,0.92,8002.7,287.7,98.4,0,1,0,2,0.497,1,General
PAT-10055,54.4,Female,183.2,45.0,13.41,73.2,140.1,72.7,36.3,13.54,,180.7,1.06,6454.5,242.4,98.0,2,0,0,0,0.445,7,General
PAT-10024,24.9,Female,163.2,80.6,30.27,66.0,125.8,72.1,36.57,14.42,114.3,174.2,0.93,7498.1,246.6,96.5,1,0,0,0,0.469,11,General
PAT-11008,51.1,Male,159.3,61.0,24.01,151.8,202.1,131.2,38.82,20.5,358.3,512.7,6.88,31164.0,692.0,81.9,10,9,6,7,0.917,393,Rare Candidate
PAT-10114,71.6,Female,171.1,65.8,22.46,76.8,112.0,80.5,36.9,15.24,96.4,171.3,0.85,6750.2,304.6,98.4,1,3,0,0,0.135,1,General
PAT-10110,41.1,Male,167.3,101.1,36.12,63.7,112.4,80.7,36.38,11.76,70.0,190.3,0.95,6327.7,168.9,98.7,4,2,2,0,0.077,7,Cardiovascular
PAT-10507,34.9,Male,162.9,70.0,26.37,59.0,109.6,80.5,36.83,15.65,80.1,146.2,0.86,7401.1,213.2,97.7,0,0,0,3,0.408,32,Metabolic
PAT-10967,53.6,Male,160.5,128.9,50.0,39.8,75.1,51.9,38.84,6.53,478.1,449.8,4.65,2411.5,51.0,84.9,9,10,5,6,0.847,238,Rare Candidate
PAT-10950,46.2,Female,166.5,123.1,44.42,44.0,84.6,51.6,39.53,5.64,508.1,484.5,5.46,2364.9,52.3,78.0,12,5,6,5,0.978,426,Rare Candidate
PAT-10004,60.3,Male,168.2,64.5,22.79,65.4,135.2,73.9,36.59,14.62,94.6,160.2,0.8,5837.1,230.7,97.9,4,0,0,0,0.454,23,Metabolic
PAT-10276,47.5,Female,168.7,59.3,20.84,83.9,119.4,65.4,36.18,15.51,87.1,163.8,1.0,5711.7,298.9,98.8,0,3,1,1,0.379,1,General
PAT-10657,59.5,Female,175.2,91.0,29.63,82.0,135.6,82.3,37.08,13.3,202.3,230.5,1.41,5527.5,219.2,97.6,1,3,0,3,0.523,24,Cardiovascular
PAT-10785,44.8,Male,169.5,109.3,38.06,88.1,142.4,96.9,36.13,15.12,135.8,223.6,1.13,7669.4,197.9,97.1,5,5,2,3,0.509,75,Metabolic
PAT-10855,59.0,Female,151.0,55.0,24.11,64.8,121.5,92.8,35.97,15.23,123.5,286.8,1.7,8684.9,209.6,99.5,3,2,1,0,0.552,25,Cardiovascular
PAT-10760,69.1,Female,171.1,64.7,22.12,67.4,156.9,87.6,37.16,12.24,119.7,226.7,1.62,5617.1,188.1,99.5,5,3,0,1,0.43,5,Cardiovascular
PAT-10797,77.4,Female,181.0,81.8,24.97,94.1,167.8,97.9,36.55,12.48,180.4,226.0,0.7,8414.4,254.7,97.9,3,2,2,4,0.303,82,Cardiovascular
PAT-11029,26.9,Male,175.6,98.6,31.97,150.8,203.2,129.5,39.09,20.87,435.3,541.1,5.41,51134.5,756.2,78.4,8,7,3,5,0.777,422,Rare Candidate
PAT-10395,56.2,Female,174.1,101.7,33.56,74.2,114.1,72.2,36.58,14.84,75.5,195.5,0.86,7108.8,255.7,96.9,0,1,1,1,0.269,10,General
PAT-10487,34.2,Male,166.8,91.6,32.93,77.0,120.4,85.7,36.42,14.73,102.4,167.7,0.8,7847.4,243.9,99.1,3,0,1,1,0.06,9,General
PAT-10615,55.5,Male,167.7,75.6,26.89,94.8,136.8,87.9,36.46,14.11,182.2,241.8,0.89,8262.6,206.0,95.2,3,1,0,2,0.458,72,Cardiovascular
PAT-10878,49.9,Male,152.1,88.3,38.17,102.9,128.3,101.3,35.91,12.74,148.0,210.8,0.98,9683.2,377.0,99.5,3,1,4,3,0.485,102,Metabolic
PAT-10175,45.3,Male,145.5,63.6,30.03,70.0,119.5,76.3,36.8,14.16,114.5,171.2,0.91,8229.3,292.4,99.5,2,0,0,0,0.453,15,General
PAT-10918,66.8,Male,166.4,80.9,29.21,85.9,148.7,104.3,36.4,13.19,153.5,222.2,1.05,6592.5,295.2,98.5,3,3,1,0,0.559,29,Cardiovascular
PAT-10059,46.0,Male,166.4,70.2,25.36,74.2,121.4,76.6,36.22,13.46,102.0,185.4,0.65,8713.0,236.2,99.4,1,0,0,1,0.393,4,General
PAT-10266,27.0,Female,175.5,51.0,16.55,77.3,127.6,78.8,36.17,13.96,96.2,191.2,0.91,6255.3,214.2,97.8,2,0,0,0,0.323,11,General
PAT-10064,27.6,Female,180.4,60.4,18.56,71.5,135.3,89.6,36.24,14.35,97.9,201.3,0.91,7123.0,184.4,97.1,1,1,0,0,0.301,9,Cardiovascular
PAT-10790,77.6,Male,168.1,86.1,30.45,84.3,153.0,90.5,36.5,11.65,178.1,281.5,0.92,6715.4,244.0,96.9,4,4,2,1,0.531,20,Cardiovascular
PAT-10262,41.3,Male,161.1,69.3,26.7,76.1,132.6,84.1,36.81,13.87,,177.5,0.6,5441.4,278.5,97.8,1,0,0,1,0.56,13,General
PAT-10101,25.0,Male,177.3,70.3,22.37,75.5,123.9,79.3,36.18,13.46,87.1,159.0,0.93,7248.2,274.2,98.3,0,2,0,1,0.402,14,General
PAT-11047,62.4,Female,155.2,106.2,44.07,137.5,186.2,132.6,38.66,21.13,476.2,395.3,7.94,34063.4,889.7,85.0,14,11,3,8,0.751,375,Renal
PAT-10300,49.6,Male,156.0,67.5,27.73,68.8,95.0,74.2,36.66,13.28,95.2,183.5,1.01,6083.0,277.9,99.3,1,0,0,1,0.376,11,General
PAT-10616,53.9,Male,162.9,94.4,35.57,85.8,156.9,102.8,36.58,11.85,90.0,229.5,0.96,9189.5,209.1,96.8,5,1,2,2,0.606,9,Metabolic
PAT-10179,38.8,Male,177.2,78.5,25.0,68.6,132.5,91.0,36.62,15.17,93.0,200.2,1.18,6500.8,233.7,98.3,0,0,0,2,0.195,42,Cardiovascular
PAT-10934,23.1,Male,174.8,50.7,16.59,45.7,85.0,46.5,39.76,6.63,484.4,521.8,8.12,2788.6,37.5,82.6,14,6,5,11,0.835,152,Hematological
PAT-10779,51.4,Female,167.9,87.3,30.94,77.8,144.5,96.4,36.93,12.99,144.5,196.9,0.91,5810.6,217.6,97.8,1,1,1,1,0.349,41,Cardiovascular
PAT-10140,27.2,Female,157.7,64.8,26.07,81.1,107.0,76.5,36.9,15.85,91.0,216.2,0.71,5691.1,181.7,98.6,1,3,1,2,0.244,11,General
PAT-10804,61.3,Female,157.0,84.7,34.37,74.9,138.7,87.3,36.7,12.92,162.8,223.0,1.29,6489.6,149.0,96.9,2,1,4,1,0.423,72,Cardiovascular
PAT-10169,39.1,Female,182.8,68.4,20.48,83.9,124.8,77.5,36.52,12.67,103.8,173.9,0.83,7424.8,173.7,97.6,2,1,0,1,0.133,1,General
PAT-10067,41.1,Female,172.4,71.5,24.03,65.1,123.7,79.4,36.59,11.59,108.2,140.0,1.02,8563.7,286.5,98.9,2,1,1,1,0.806,5,Cardiovascular
PAT-10257,57.2,Male,162.8,66.2,24.98,82.5,104.8,78.1,36.3,15.14,78.4,157.0,1.02,6869.4,258.4,98.3,0,0,1,2,0.142,13,Metabolic
PAT-10068,54.0,Female,170.3,89.5,30.84,76.0,99.0,81.9,36.65,16.45,70.0,208.6,1.02,6053.3,150.0,97.3,2,1,0,0,0.097,7,Cardiovascular
PAT-11028,64.3,Female,173.6,100.2,33.24,152.1,199.7,129.3,39.34,20.96,375.1,425.9,4.61,47748.3,840.2,82.0,9,9,4,8,0.764,372,Rare Candidate
PAT-10013,44.9,Male,162.9,59.5,22.42,66.8,108.2,82.4,36.8,15.54,78.9,172.8,1.14,6180.1,194.3,96.7,0,0,0,0,0.112,5,General
PAT-10532,22.1,Female,173.7,84.8,28.12,67.1,125.2,78.9,36.66,14.28,104.6,152.6,0.69,6767.1,150.0,100.0,3,0,0,1,0.298,3,Cardiovascular
PAT-10320,40.4,Female,159.9,73.1,28.59,66.7,114.3,63.0,36.63,14.67,99.4,225.3,1.12,7324.6,321.4,97.1,2,1,0,1,0.207,17,Metabolic
PAT-10985,19.8,Female,170.2,94.4,32.59,42.3,78.7,49.1,38.64,7.42,320.0,455.6,4.07,1324.9,44.8,87.3,9,5,5,8,0.892,348,Hematological
PAT-10867,66.1,Female,166.9,96.9,34.8,94.3,153.7,79.9,36.6,13.9,174.6,250.2,1.69,8082.4,268.4,96.1,2,3,1,2,0.595,76,Cardiovascular
PAT-10577,72.6,Female,166.8,81.1,29.16,88.1,155.9,109.3,36.81,13.64,126.5,201.6,0.85,6069.3,178.1,97.4,1,7,2,1,0.53,5,Respiratory
PAT-10335,53.7,Female,168.5,85.7,30.19,83.0,127.3,82.1,36.27,14.9,84.8,224.8,0.78,5809.0,363.0,97.9,2,0,0,1,0.122,56,General
PAT-10287,40.2,Female,158.2,56.9,22.75,66.3,128.8,72.5,36.12,13.89,122.3,181.4,0.75,5795.1,337.8,99.2,3,0,0,0,0.579,16,General
PAT-10912,58.8,Male,155.7,106.6,43.97,105.6,146.2,81.4,36.77,10.99,148.9,243.3,1.37,8943.9,252.6,95.9,4,4,1,3,0.547,45,Respiratory
PAT-10324,67.1,Male,172.3,49.0,16.52,76.7,119.3,71.0,36.51,15.12,97.6,165.2,1.0,5607.7,251.7,99.9,3,0,0,0,0.503,6,Metabolic
PAT-10891,57.3,Male,166.8,85.3,30.66,83.4,141.8,92.4,36.6,13.41,156.7,170.0,1.11,8370.7,234.4,97.8,1,4,2,0,0.408,56,Cardiovascular
PAT-10537,31.7,Male,166.0,77.4,28.1,76.4,112.2,75.8,36.15,11.8,80.7,203.3,0.72,5946.4,267.3,97.8,0,2,0,1,0.573,1,Metabolic
PAT-10693,59.6,Female,170.5,83.2,28.62,80.2,143.6,85.4,37.41,12.6,201.1,261.3,1.06,5658.4,180.1,95.3,1,1,3,1,0.381,25,Metabolic
PAT-10650,72.6,Male,155.4,96.8,40.09,65.8,115.5,86.2,36.27,14.26,179.8,222.8,1.7,8356.7,305.0,96.8,3,1,1,1,0.417,48,Metabolic
PAT-10529,45.1,Female,167.3,87.1,31.13,74.7,105.3,83.1,36.37,15.69,96.2,175.0,1.08,6971.6,243.1,98.8,1,1,0,0,0.16,14,General
PAT-10514,31.1,Male,173.3,66.4,22.09,58.0,124.6,77.1,36.88,14.18,70.0,170.1,1.27,5860.9,255.4,99.5,1,2,2,0,0.119,8,General
PAT-10586,78.7,Male,179.6,71.1,22.05,76.8,139.6,109.5,36.28,13.35,168.6,290.8,1.33,5795.3,352.9,98.1,2,5,4,3,0.466,142,Respiratory
PAT-10003,49.8,Male,166.0,89.9,32.63,79.4,110.9,72.3,36.68,14.74,97.3,190.8,0.97,6823.5,224.9,97.3,0,0,1,1,0.083,1,General
PAT-10446,50.0,Female,175.3,76.2,24.77,74.4,124.2,79.3,36.27,14.52,83.3,145.2,1.12,6738.1,224.4,99.3,2,1,1,0,0.464,9,General
PAT-10238,44.2,Male,171.7,69.6,23.59,73.4,115.0,79.8,36.83,14.14,101.0,169.9,0.8,8800.7,316.0,99.7,0,2,2,1,0.263,12,Cardiovascular
PAT-10496,48.5,Male,164.6,103.1,38.04,73.5,114.0,80.0,36.66,12.44,91.7,200.2,0.83,4849.4,197.0,98.4,1,0,1,1,0.106,6,General
PAT-10782,58.3,Male,165.9,84.5,30.7,75.4,161.9,93.6,36.82,11.24,163.6,258.6,1.24,5560.2,278.5,96.9,6,3,3,4,0.308,21,Cardiovascular
PAT-10328,51.5,Female,173.0,83.5,27.9,83.4,121.1,71.7,36.03,12.86,94.5,199.2,0.81,4729.1,291.5,99.5,2,2,1,0,0.267,21,Cardiovascular
PAT-10548,39.6,Male,166.7,68.2,24.56,72.3,101.2,69.2,36.81,15.24,88.7,193.1,0.95,8215.9,282.1,98.4,0,0,0,1,0.344,7,Metabolic
PAT-10859,59.4,Female,160.6,67.6,26.21,84.5,153.4,103.0,36.36,14.26,141.1,233.6,1.02,6621.6,294.0,96.2,3,2,0,0,0.464,89,
PAT-10530,31.1,Male,166.9,81.1,29.12,85.3,115.0,73.0,36.66,13.48,96.8,219.1,0.72,4728.8,257.8,98.2,2,2,0,2,0.316,4,General
PAT-10347,24.6,Male,166.1,60.3,21.86,88.0,110.5,71.3,37.01,13.85,96.3,192.7,1.04,5180.1,245.3,97.5,1,1,1,1,0.195,9,General
PAT-11018,79.7,Male,153.9,63.2,26.68,153.1,219.3,118.6,40.13,21.31,477.3,502.0,7.12,33198.3,784.5,88.7,13,8,3,9,0.826,198,Rare Candidate
PAT-10584,54.0,Male,158.0,72.3,28.97,87.4,143.4,101.0,36.69,13.2,199.1,228.7,1.2,6203.9,211.2,97.3,3,1,3,2,0.498,8,Respiratory
PAT-10594,58.4,Male,165.8,94.4,34.33,70.7,126.2,84.6,36.76,13.7,152.6,240.5,1.27,6803.0,310.1,97.8,3,2,1,1,0.445,8,Cardiovascular
PAT-10588,71.3,Female,163.5,90.3,33.79,79.7,141.2,95.2,36.8,14.77,179.7,272.9,1.37,5723.9,205.8,97.2,1,5,2,3,0.559,5,Metabolic
PAT-10309,48.6,Male,168.7,81.6,28.67,69.6,129.3,85.3,36.3,14.18,90.0,140.0,0.92,7263.2,279.8,97.0,0,2,0,3,0.265,3,Cardiovascular
PAT-11040,82.5,Female,155.9,102.3,42.09,129.9,214.9,123.3,40.16,20.98,334.1,509.1,3.56,38120.2,727.9,85.1,11,7,3,8,0.789,225,Hematological
PAT-10994,66.8,Female,167.2,91.0,32.55,143.6,213.4,127.1,39.04,20.18,434.7,486.0,9.49,30081.5,800.2,83.2,7,6,5,7,0.93,379,Rare Candidate
PAT-10232,44.6,Male,170.5,90.3,31.07,79.3,118.1,77.4,36.44,16.34,90.8,213.5,1.18,7390.4,226.0,97.4,1,0,1,0,0.205,3,General
PAT-10630,56.1,Female,158.6,81.1,32.22,75.0,153.3,92.7,36.8,14.82,145.2,191.9,0.94,7522.6,143.0,97.6,3,4,2,1,0.523,52,Cardiovascular
PAT-10602,76.3,Male,150.2,76.2,33.79,70.5,155.0,92.6,36.54,14.4,143.1,247.1,1.28,5048.4,254.5,96.8,1,4,4,3,0.189,25,Metabolic
PAT-10663,56.7,Male,172.5,109.1,36.68,99.2,124.3,76.1,36.53,14.7,132.2,252.0,1.36,8823.0,185.3,94.4,4,4,1,1,0.247,26,Cardiovascular
PAT-11010,57.0,Male,165.4,103.7,37.91,157.6,211.1,119.9,38.65,21.65,368.9,369.6,8.65,38329.5,752.5,80.5,8,7,3,10,0.887,310,Rare Candidate
PAT-10916,51.0,Female,168.7,70.3,24.73,73.1,132.3,88.7,36.93,13.73,125.6,238.4,1.32,10416.2,219.2,96.6,1,1,3,0,0.522,72,Cardiovascular
PAT-10315,57.7,Female,162.0,82.0,31.25,80.5,114.7,73.2,36.77,14.59,93.5,215.6,0.74,6036.5,262.0,99.0,0,0,0,2,0.166,23,Metabolic
PAT-10107,64.6,Male,174.5,67.8,22.24,88.4,119.3,88.6,36.6,14.49,113.3,168.6,0.7,6327.9,167.1,98.8,3,2,1,3,0.177,50,General
PAT-10824,47.1,Female,173.7,97.3,32.26,84.0,169.0,105.0,36.87,13.99,107.0,270.3,1.1,7527.9,207.1,96.8,3,2,1,1,0.212,68,Cardiovascular
PAT-10056,53.2,Female,163.9,57.9,21.56,60.9,130.2,73.7,36.73,16.51,110.5,177.5,0.67,7094.0,283.2,98.0,0,1,0,1,0.215,1,General
PAT-10121,51.5,Male,173.5,85.8,28.5,70.2,114.8,68.7,36.89,12.24,101.8,159.2,0.88,7463.5,266.3,98.2,2,3,0,0,0.287,14,General
PAT-10371,42.3,Male,163.1,90.8,34.14,81.0,115.5,79.9,36.34,13.95,98.7,146.3,0.88,5935.7,239.4,99.2,1,1,0,3,0.193,60,General
PAT-10026,43.3,Female,169.8,66.6,23.11,72.5,114.6,85.5,36.5,13.49,102.6,176.5,0.72,8188.2,242.6,97.5,2,1,1,0,0.475,22,General
PAT-10073,41.6,Female,172.9,80.6,26.96,67.5,139.5,72.5,36.95,13.47,95.0,179.7,0.92,4681.5,220.5,99.5,1,0,0,1,0.55,3,Metabolic
PAT-11021,51.7,Male,185.2,71.6,20.88,125.3,213.2,126.6,39.3,20.28,400.4,432.6,8.71,31999.7,803.0,79.3,11,5,4,12,0.91,260,Renal
PAT-10045,24.3,Male,165.7,75.1,27.37,64.1,119.6,80.6,36.18,14.64,98.2,217.3,1.23,6640.4,320.4,97.6,0,2,0,0,0.206,19,Metabolic
PAT-10297,52.8,Female,174.4,56.3,18.51,59.2,123.2,76.9,36.74,13.82,98.3,199.9,1.05,5758.5,280.9,98.7,3,1,0,1,0.18,3,General
PAT-10329,49.5,Female,168.1,56.9,20.14,72.2,132.6,87.0,36.99,11.98,101.7,180.4,0.87,6826.8,175.6,97.6,0,1,1,1,0.197,3,General
PAT-10248,34.2,Male,191.2,61.0,16.68,77.4,142.0,75.5,36.74,14.6,125.5,154.1,1.11,5398.2,278.4,98.0,2,1,0,0,0.12,1,General
PAT-10337,32.1,Female,167.4,63.3,22.58,78.5,103.5,77.7,36.57,12.67,91.0,185.1,0.89,9120.0,295.2,99.5,0,2,1,1,0.212,14,General
PAT-10352,59.7,Female,165.3,70.1,25.65,76.1,118.4,92.0,37.01,13.89,101.1,149.4,1.1,5919.8,196.0,97.5,0,2,1,1,0.397,2,Metabolic
PAT-10362,60.4,Male,176.4,66.0,21.21,85.9,115.3,85.2,36.03,12.41,82.1,207.4,0.86,8966.7,385.6,100.0,0,1,0,0,0.275,4,General
PAT-11002,74.7,Female,176.7,90.9,29.12,159.8,208.3,115.6,40.7,19.26,448.2,402.3,8.39,44476.5,702.3,80.8,11,10,6,7,0.801,401,Rare Candidate
PAT-10961,60.6,Female,170.8,114.9,39.39,44.7,85.1,50.1,40.55,6.32,414.6,527.8,5.88,2710.7,42.7,83.1,13,9,3,12,0.773,338,Hematological
PAT-10421,66.7,Female,155.2,69.3,28.79,73.0,122.3,66.1,36.6,12.89,114.4,159.3,0.66,4593.8,337.7,97.8,1,0,1,1,0.207,31,Metabolic
PAT-10382,34.8,Female,159.6,79.0,31.0,79.8,120.3,70.7,36.7,14.47,94.8,173.8,1.01,6370.4,258.6,99.3,0,0,0,1,0.344,31,Cardiovascular
PAT-10695,76.8,Female,168.5,101.5,35.75,79.9,166.2,99.3,36.18,14.75,190.3,243.1,0.89,8040.7,253.6,94.6,3,5,0,5,0.38,123,Metabolic
PAT-10540,35.1,Male,177.8,64.6,20.43,76.5,128.9,81.1,36.14,14.73,96.1,205.1,1.03,5673.0,277.7,97.6,0,1,1,3,0.173,5,General
PAT-10450,29.3,Female,170.5,75.2,25.85,71.5,125.8,81.3,36.41,14.99,97.3,172.6,0.78,6829.3,167.8,98.8,1,2,1,0,0.219,2,General
PAT-10623,56.0,Female,167.9,91.3,32.37,90.2,166.8,88.1,36.72,12.95,166.0,237.4,1.08,8511.8,194.4,97.9,3,7,1,3,0.237,19,Cardiovascular
PAT-10210,75.0,Male,172.0,82.0,27.73,76.0,117.7,75.6,36.71,13.21,76.3,213.8,0.85,7411.6,259.3,97.9,2,0,0,0,0.261,9,General
PAT-10555,63.0,Female,159.1,95.3,37.66,78.3,115.0,104.7,36.45,14.66,121.6,184.8,1.13,7000.7,245.4,97.2,6,2,2,3,0.293,5,Cardiovascular
PAT-11013,29.4,Male,166.1,104.7,37.97,128.4,190.8,132.7,40.14,21.6,382.2,489.0,8.63,30328.9,773.3,82.1,9,6,3,8,0.984,395,Respiratory
PAT-10482,30.5,Male,171.6,73.3,24.92,65.1,115.9,85.4,36.5,13.76,115.1,217.3,0.81,8424.1,209.2,98.1,1,0,1,0,0.546,11,General
PAT-10433,38.8,Female,181.8,77.9,23.57,77.4,132.0,80.5,36.48,14.2,96.0,196.1,0.98,10000.3,269.8,99.1,2,1,0,2,0.234,1,General
PAT-10627,53.4,Male,156.9,95.5,38.79,96.9,143.6,94.0,36.79,14.49,164.5,253.8,1.17,8129.6,221.2,98.1,5,1,0,3,0.6,68,Cardiovascular
PAT-10061,36.2,Female,173.9,67.8,22.43,63.9,116.5,72.6,36.49,12.28,100.4,177.9,0.98,8517.4,150.0,98.7,2,0,0,1,0.359,10,General
PAT-10622,63.0,Male,159.0,94.3,37.32,77.7,160.0,100.5,36.1,13.02,154.3,246.3,1.02,8364.5,152.0,95.2,1,4,1,2,0.308,78,Metabolic
PAT-10756,51.2,Female,166.7,89.0,32.01,85.3,119.7,91.2,37.19,14.04,164.7,290.1,1.38,5664.9,226.4,97.5,1,3,2,2,0.47,26,Cardiovascular
PAT-10093,33.6,Male,181.5,62.3,18.9,62.6,124.1,70.8,36.56,13.23,92.7,193.4,0.93,5073.5,252.4,97.2,1,0,1,3,0.102,13,General
PAT-10902,71.7,Female,172.0,76.9,26.0,75.7,130.2,87.9,36.7,12.88,156.5,208.0,1.22,7824.8,172.0,95.0,1,2,3,1,0.721,46,Metabolic
PAT-10463,33.6,Male,179.1,60.5,18.85,58.0,108.4,85.2,36.7,14.91,88.8,140.0,0.92,6773.1,295.8,99.1,2,2,0,3,0.203,25,General
PAT-10667,82.7,Female,157.7,89.2,35.89,78.9,145.9,77.6,36.69,13.59,186.8,170.0,1.3,9828.3,319.5,96.0,3,2,1,3,0.633,29,Metabolic
PAT-10977,64.2,Female,176.9,113.2,36.17,49.2,88.5,47.3,39.19,5.19,344.4,390.4,6.75,2703.1,31.4,84.5,10,7,6,8,0.999,332,
PAT-10478,45.7,Male,160.3,46.0,17.87,62.4,127.4,77.5,36.75,13.48,100.1,215.2,0.95,6519.5,259.3,96.7,1,0,0,2,0.196,41,General
PAT-10333,42.9,Male,162.5,66.3,25.1,78.6,122.6,90.6,36.94,13.95,107.4,188.9,0.61,6058.2,249.8,99.0,1,2,0,1,0.23,21,General
PAT-10939,53.1,Male,155.9,56.1,23.08,50.6,87.4,47.9,39.88,5.63,431.5,478.9,9.71,2475.0,34.5,79.1,7,9,5,5,0.809,209,Rare Candidate
PAT-10701,64.7,Female,156.9,84.4,34.29,68.9,144.0,84.1,36.69,13.94,158.8,224.3,1.0,9088.2,322.7,98.0,3,2,3,0,0.191,54,Cardiovascular
PAT-10465,40.7,Male,170.8,47.3,16.21,76.6,117.0,82.4,35.88,11.65,,206.8,0.7,7505.7,307.6,98.5,3,0,0,2,0.245,11,Cardiovascular
PAT-10356,30.0,Male,168.0,65.6,23.22,68.5,138.9,78.7,36.37,14.03,80.6,169.1,0.99,6746.9,273.2,98.7,4,0,0,0,0.194,10,General
PAT-10363,40.7,Female,155.7,84.1,34.68,69.4,119.1,83.8,36.46,14.73,89.9,159.2,0.88,6040.1,264.1,98.5,1,0,0,1,0.778,52,General
PAT-10313,51.9,Male,170.4,55.7,19.17,63.6,111.8,80.6,36.24,13.22,79.4,186.4,0.81,6106.3,201.2,99.1,0,2,0,1,0.107,16,General
PAT-10319,45.9,Female,172.8,73.5,24.59,65.0,123.5,81.0,36.47,15.41,92.6,204.5,0.86,9729.5,277.2,98.0,1,2,0,0,0.581,3,General
PAT-11014,71.0,Male,177.3,61.3,19.5,145.0,195.3,121.4,39.64,18.94,400.3,364.3,4.97,50738.3,863.0,80.7,13,8,3,11,0.84,192,Rare Candidate
PAT-10381,31.9,Male,167.8,46.2,16.43,76.4,114.9,89.5,36.58,14.11,106.7,202.8,0.7,5403.1,232.7,97.9,2,1,0,1,0.433,16,Cardiovascular
PAT-10183,29.1,Male,173.4,78.9,26.24,79.4,103.0,84.6,36.5,13.55,70.1,185.3,1.01,8554.7,277.4,97.7,4,1,0,2,0.302,3,Cardiovascular
PAT-10717,70.6,Female,162.1,96.4,36.71,85.9,147.9,98.5,36.46,13.92,209.7,258.9,1.54,9946.9,232.8,97.5,1,4,0,3,0.168,6,Metabolic
PAT-10111,19.0,Female,168.7,77.0,27.04,66.3,108.7,90.5,36.7,15.71,77.3,185.5,1.08,7258.9,267.1,98.5,1,1,0,3,0.192,3,Metabolic
PAT-10531,49.7,Male,181.6,81.6,24.73,77.3,129.8,65.9,36.46,13.31,78.1,148.3,0.97,6475.6,270.6,96.8,2,2,2,0,0.118,22,General
PAT-10378,44.2,Female,159.2,62.5,24.67,92.9,116.1,71.6,36.98,13.15,,187.3,0.79,6240.6,294.2,98.5,0,2,1,0,0.188,8,General
PAT-10714,70.0,Female,176.4,68.5,22.01,90.7,156.2,95.0,36.53,13.37,182.9,209.3,1.12,7538.4,183.2,96.9,1,1,4,5,0.629,5,Cardiovascular
PAT-10873,57.0,Male,158.9,74.3,29.42,79.2,145.6,97.6,36.36,15.12,90.0,188.9,1.01,8101.1,188.2,98.7,1,1,4,5,0.117,34,Metabolic
PAT-10940,38.9,Female,164.1,84.6,31.43,40.3,75.3,53.9,40.25,5.01,343.5,453.2,3.85,2457.9,52.2,85.5,8,6,6,9,0.946,170,Renal
PAT-10732,63.6,Female,166.2,83.3,30.14,89.3,153.4,92.7,36.98,16.4,159.7,206.8,1.52,8146.9,248.7,96.9,4,2,1,2,0.527,59,Metabolic
PAT-10293,34.9,Female,169.7,81.4,28.27,72.2,130.0,81.1,36.57,16.0,96.6,192.2,0.81,6797.2,242.3,97.5,0,2,0,1,0.233,2,General
PAT-10437,61.5,Male,164.7,83.5,30.77,77.8,118.1,77.3,36.99,14.35,92.5,155.5,0.83,7398.7,340.2,99.0,2,0,1,0,0.471,12,Metabolic
PAT-10836,58.0,Female,144.8,71.8,34.24,62.0,164.2,92.7,36.3,14.73,192.6,274.3,1.18,6269.2,300.0,94.7,2,4,0,3,0.174,15,Respiratory
PAT-10308,34.9,Male,175.5,59.6,19.34,75.4,137.5,74.8,36.7,11.5,79.7,159.6,0.91,6930.9,274.1,98.4,0,0,1,3,0.354,14,General
PAT-10290,34.5,Female,169.3,70.2,24.51,73.6,117.7,76.7,36.48,15.64,88.6,197.5,1.02,7014.2,237.3,99.2,2,1,0,3,0.357,21,General
PAT-10969,81.2,Female,157.8,95.9,38.52,47.9,88.8,52.9,38.84,5.71,486.2,368.1,8.66,1462.9,44.4,78.0,10,7,5,5,0.872,216,Hematological
PAT-10216,51.1,Female,164.1,86.5,32.1,81.1,126.8,79.2,36.27,15.46,112.7,,1.08,6328.3,241.1,97.9,2,2,2,0,0.501,10,General
PAT-10631,58.7,Male,155.3,77.1,31.97,101.0,151.7,105.6,36.48,15.16,156.1,226.5,1.17,7429.3,242.8,98.3,3,2,1,0,0.489,8,Respiratory
PAT-10281,43.4,Female,167.0,68.4,24.54,82.9,135.8,75.8,36.76,13.53,105.9,187.4,1.3,5707.6,225.8,97.9,2,0,0,0,0.054,16,Cardiovascular
PAT-10674,56.2,Male,167.8,111.4,39.56,82.0,134.4,90.6,36.98,15.64,136.3,212.2,0.91,9340.5,288.0,96.8,1,1,0,0,0.549,17,Respiratory
PAT-10451,41.2,Female,165.8,79.6,28.97,93.4,118.7,80.7,36.75,12.8,87.1,173.7,1.1,7185.2,316.7,97.0,3,0,0,0,0.273,7,Cardiovascular
PAT-10299,51.8,Female,160.9,69.6,26.88,62.0,120.9,85.1,36.29,14.95,93.9,201.3,0.85,7699.1,285.8,98.1,1,0,0,0,0.121,14,Metabolic
PAT-10786,58.8,Female,159.7,71.3,27.97,94.4,148.7,96.0,36.81,10.45,159.7,250.6,1.1,7282.2,287.7,96.7,5,2,1,3,0.556,49,Cardiovascular
PAT-10138,38.1,Male,157.7,88.3,35.48,80.3,116.5,88.8,36.03,14.31,89.6,153.7,0.79,4200.0,330.0,98.0,1,0,0,0,0.336,1,General
PAT-10306,43.4,Female,190.4,57.7,15.9,74.6,135.2,77.6,36.68,13.86,81.5,174.9,0.87,5899.1,274.1,98.0,2,1,0,2,0.216,18,General
PAT-10808,64.9,Male,175.6,89.0,28.89,86.9,119.4,78.0,36.1,13.18,131.7,239.0,1.31,7693.1,236.4,98.0,3,4,2,3,0.298,55,Cardiovascular
PAT-10295,46.3,Female,169.2,62.7,21.88,81.1,126.4,82.9,36.38,13.0,92.8,211.4,0.91,9190.4,281.2,98.5,2,1,0,0,0.059,6,General
PAT-10600,54.3,Female,163.1,66.8,25.13,74.3,128.2,88.0,36.97,16.39,134.2,268.9,1.42,5287.7,279.4,95.9,2,4,0,2,0.743,97,Cardiovascular
PAT-10582,64.9,Male,172.1,55.0,18.57,76.8,139.2,97.4,36.93,13.67,120.1,278.2,1.12,8550.5,140.0,97.2,2,3,3,1,0.398,14,Cardiovascular
PAT-10030,38.5,Female,169.8,63.7,22.08,71.9,104.4,65.8,36.43,13.85,93.5,234.2,0.81,5116.6,275.9,98.7,3,3,0,2,0.328,1,Metabolic
PAT-10166,47.0,Female,148.6,67.1,30.38,75.6,116.8,79.1,36.67,14.77,95.2,199.8,0.81,5956.5,231.7,96.7,3,1,0,2,0.124,11,General
PAT-10249,63.2,Male,160.8,73.8,28.57,77.9,99.2,75.1,36.19,13.61,94.5,207.3,1.08,5483.7,198.1,99.2,0,2,2,0,0.299,4,General
PAT-10311,39.4,Male,176.3,62.2,20.03,87.4,131.4,88.3,36.66,13.7,101.6,193.4,1.04,7913.7,317.7,98.5,1,1,0,0,0.209,5,Cardiovascular
PAT-10686,41.2,Female,166.6,90.5,32.58,87.8,135.9,100.9,37.13,12.45,180.3,214.5,1.2,7719.8,267.2,96.6,2,7,2,3,0.582,47,Cardiovascular
PAT-10844,57.8,Female,160.6,112.6,43.67,68.8,141.1,83.7,37.24,12.48,144.5,271.7,1.22,7385.8,212.0,95.1,1,1,3,1,0.233,23,Cardiovascular
PAT-10343,44.9,Male,157.1,55.2,22.36,72.9,135.2,86.3,36.56,14.25,108.9,190.7,1.07,6168.1,209.0,97.4,2,2,1,3,0.259,20,Metabolic
PAT-10606,51.1,Male,170.4,78.3,26.97,71.5,142.6,106.4,37.13,13.64,157.1,262.2,1.19,6938.1,270.3,96.8,5,4,2,2,0.543,41,Metabolic
PAT-10527,22.5,Male,161.5,45.0,17.24,79.6,110.0,70.8,36.95,13.68,86.6,202.3,0.89,8060.1,219.6,98.1,0,1,1,0,0.467,11,General
PAT-10066,58.3,Female,171.6,58.6,19.9,78.5,106.0,75.7,36.68,14.91,93.3,190.9,0.65,5386.7,281.4,98.9,2,1,0,1,0.54,2,General
PAT-10632,61.8,Female,166.1,85.5,30.98,97.7,121.0,95.3,36.92,11.57,176.9,309.0,1.27,5052.9,259.2,96.9,1,5,2,2,0.41,14,Metabolic
PAT-10892,54.4,Male,160.3,91.7,35.69,80.7,132.5,85.5,37.02,14.49,127.1,217.3,1.24,8862.8,213.7,96.9,4,3,4,0,0.422,111,Metabolic
PAT-10255,23.8,Male,164.6,72.6,26.79,79.5,114.3,84.5,36.61,15.07,76.0,174.0,0.69,8242.3,270.9,98.7,1,2,0,0,0.31,18,General
PAT-10719,62.7,Female,155.9,78.1,32.15,94.4,142.9,96.1,36.82,15.34,135.4,240.3,1.24,9096.2,265.9,96.1,1,7,1,3,0.294,5,Cardiovascular
PAT-10771,54.6,Female,171.0,79.0,27.04,95.4,148.7,94.2,36.64,16.5,120.3,218.7,0.8,6396.7,270.6,97.0,6,2,1,3,0.614,88,Respiratory
PAT-10222,19.6,Female,162.0,78.9,30.05,77.4,132.3,80.5,37.03,15.24,122.9,195.8,1.04,7421.9,236.8,97.5,2,0,1,0,0.142,6,General
PAT-10236,49.6,Female,170.8,54.2,18.57,80.8,124.6,70.3,36.46,14.84,95.8,218.2,0.92,6565.4,329.3,98.8,0,3,1,1,0.234,29,Cardiovascular
PAT-10430,20.9,Female,176.4,83.6,26.88,71.5,125.5,74.2,36.71,14.97,84.0,165.1,0.78,4694.9,237.5,99.0,2,0,1,0,0.172,37,Metabolic
PAT-10544,59.3,Male,157.9,45.0,18.04,81.5,127.1,76.9,36.36,14.36,108.8,242.6,0.79,4303.1,227.1,99.4,1,0,1,0,0.37,1,General
PAT-10441,46.6,Female,186.5,58.3,16.77,70.7,100.5,72.1,36.93,15.41,91.9,182.5,0.63,6105.8,304.3,96.5,0,3,1,0,0.186,4,Cardiovascular
PAT-10589,45.3,Female,162.9,66.7,25.11,103.0,140.5,91.0,36.19,12.01,215.8,267.4,0.78,7785.9,303.4,96.2,3,4,3,1,0.615,180,Cardiovascular
PAT-10973,32.5,Male,161.9,43.7,16.7,38.7,76.5,49.8,40.54,5.73,414.4,417.2,4.45,2757.5,47.1,87.3,13,11,6,10,0.812,292,Respiratory
PAT-10250,46.9,Male,182.8,86.1,25.78,69.8,137.2,70.5,36.78,14.92,78.1,207.9,0.9,7786.5,238.7,98.2,1,1,0,1,0.194,12,Cardiovascular
PAT-10579,59.7,Female,156.5,87.6,35.77,83.8,115.0,93.9,37.0,13.13,112.1,223.6,1.19,4513.8,233.8,97.6,3,1,2,2,0.508,49,Metabolic
PAT-10410,48.2,Male,169.7,69.4,24.1,69.1,122.0,78.7,36.84,14.32,103.4,190.9,0.68,7376.7,296.4,99.0,1,0,0,0,0.207,21,Cardiovascular
PAT-10072,60.5,Female,178.6,51.2,16.07,65.9,121.2,82.3,36.75,14.39,101.5,180.4,0.85,6070.6,293.3,98.0,1,0,0,1,0.124,13,General
PAT-10095,37.3,Female,164.9,66.0,24.28,70.6,120.4,88.1,36.44,14.06,94.4,205.9,0.77,4200.0,321.9,98.5,2,0,0,1,0.04,5,General
PAT-10034,29.3,Female,171.8,53.7,18.2,82.9,117.0,79.1,36.99,15.33,81.6,192.8,1.03,8482.4,217.3,97.8,0,1,0,1,0.316,27,General
PAT-10645,65.4,Female,167.2,85.8,30.67,81.7,153.2,85.2,36.65,15.1,131.9,284.4,0.76,5034.3,195.1,96.0,1,4,3,2,0.402,32,Cardiovascular
PAT-10260,51.3,Female,157.0,70.3,28.51,63.1,108.7,89.4,36.43,14.22,94.2,223.6,0.85,6294.6,314.5,97.4,1,0,0,1,0.363,6,Cardiovascular
PAT-10205,25.5,Male,168.9,58.9,20.63,79.2,109.0,82.1,36.38,14.0,,166.5,0.88,8817.8,316.2,98.0,1,1,0,1,0.716,2,General
PAT-10799,59.4,Female,165.6,73.0,26.63,73.0,139.4,83.0,37.12,12.34,195.1,183.5,1.47,8467.3,274.8,97.7,2,7,3,5,0.154,5,Metabolic
PAT-10621,56.1,Female,156.1,84.5,34.65,80.5,136.2,82.9,36.85,13.72,169.9,206.1,1.62,8091.0,207.9,96.8,5,3,2,4,0.391,17,Metabolic
PAT-10366,37.2,Female,151.8,75.4,32.72,77.8,106.0,84.4,36.56,13.14,106.5,242.5,0.83,10500.0,327.6,99.9,4,1,1,0,0.273,2,General
PAT-10078,38.4,Female,152.3,61.0,26.27,73.4,120.0,81.3,36.17,12.62,92.5,158.1,0.77,7306.1,225.1,97.1,0,0,0,0,0.157,22,Metabolic
PAT-10085,32.3,Female,167.6,92.5,32.93,90.2,125.6,76.0,36.42,15.12,90.4,194.1,0.91,7618.1,226.6,98.0,0,1,0,2,0.151,15,Metabolic
PAT-10995,82.1,Male,168.5,82.5,29.06,126.2,200.4,126.9,39.3,20.77,385.7,425.9,4.13,42568.5,702.0,81.2,7,11,5,8,0.799,182,Rare Candidate
PAT-10083,59.7,Male,163.8,81.0,30.2,61.1,132.3,68.6,36.31,14.56,86.1,207.6,0.95,5855.4,284.7,97.6,1,1,0,3,0.334,14,Cardiovascular
PAT-10526,20.3,Male,166.3,63.0,22.79,85.6,127.8,84.4,36.15,14.3,70.0,151.4,1.08,7278.8,227.1,97.6,4,0,0,0,0.098,14,General
PAT-10440,41.3,Female,150.3,74.9,33.15,66.7,132.2,76.9,36.45,14.31,101.6,177.0,0.89,7445.0,290.2,97.6,1,2,0,0,0.398,3,General
PAT-10568,58.7,Male,167.5,94.2,33.54,93.8,144.4,99.9,36.92,13.94,90.0,178.6,1.03,9015.5,238.2,98.1,1,2,4,1,0.398,5,Metabolic
PAT-10561,49.4,Female,169.2,66.4,23.18,95.2,148.7,98.4,37.23,12.89,135.7,268.1,1.14,6394.4,224.8,98.5,4,5,1,4,0.554,112,Metabolic
PAT-10543,48.4,Female,163.6,52.7,19.68,75.5,115.9,72.0,36.3,14.78,76.6,169.7,0.92,8726.7,223.9,99.5,0,1,0,0,0.178,9,General
PAT-10888,72.8,Male,172.0,98.2,33.19,82.7,150.8,80.2,36.52,12.14,175.1,276.4,1.25,6616.6,236.3,96.5,2,3,1,1,0.589,60,Cardiovascular
PAT-10332,31.2,Male,165.3,67.4,24.69,78.1,122.0,70.6,36.62,14.34,89.9,165.6,1.07,6448.8,264.4,97.8,1,1,0,0,0.412,29,General
PAT-10006,39.2,Female,149.6,75.6,33.78,80.5,130.3,83.0,36.6,15.31,88.7,187.7,0.99,7352.1,165.3,96.7,2,1,0,0,0.707,11,General
PAT-10480,55.4,Female,173.3,55.1,18.36,73.6,133.2,75.6,36.25,14.01,88.3,217.0,1.05,7732.3,250.4,97.2,0,0,0,0,0.324,10,General
PAT-10105,40.1,Male,167.4,57.3,20.44,68.9,115.3,81.2,36.46,14.42,91.5,208.8,0.71,4918.2,261.9,98.4,1,1,0,0,0.244,49,Cardiovascular
PAT-10098,45.1,Male,186.7,75.1,21.54,77.7,117.0,84.8,36.27,13.78,82.6,152.0,0.83,6753.0,216.6,98.4,3,0,0,1,0.343,16,Metabolic
PAT-10833,63.9,Female,167.1,89.1,31.93,85.9,162.2,103.4,36.69,12.78,139.5,204.2,0.86,7512.5,301.3,96.9,1,4,2,2,0.697,44,Metabolic
PAT-10788,69.7,Male,162.1,70.7,26.91,82.7,149.1,81.9,37.03,14.18,207.5,237.4,1.57,7148.9,219.7,98.6,4,5,0,4,0.637,77,Metabolic
PAT-10425,49.7,Female,180.0,76.7,23.67,72.2,122.0,73.0,36.68,14.52,87.7,152.7,0.92,5201.1,230.0,98.3,1,2,0,1,0.055,5,Cardiovascular
PAT-10935,75.3,Female,171.6,118.3,40.14,48.2,83.8,54.9,39.21,4.12,491.1,403.8,9.56,2566.1,17.2,80.3,7,7,3,8,0.752,399,Renal
PAT-10282,49.9,Female,159.9,70.9,27.75,85.6,129.9,77.6,36.53,14.42,96.5,205.3,0.95,7634.2,289.9,98.2,1,2,0,0,0.14,22,General
PAT-10267,61.6,Male,150.1,73.2,32.51,65.8,126.9,75.3,36.04,12.91,100.2,175.9,0.79,7868.1,223.0,97.0,1,0,1,1,0.247,4,Metabolic
PAT-10535,34.2,Male,179.0,62.6,19.54,70.5,109.0,75.3,36.75,15.48,72.3,172.1,1.09,8643.3,327.7,97.6,3,1,1,1,0.256,17,Cardiovascular
PAT-10454,48.0,Female,174.6,78.5,25.75,69.5,128.6,80.2,36.26,14.62,92.4,195.2,0.98,4458.1,240.2,98.0,2,1,1,0,0.151,15,Cardiovascular
PAT-10360,32.1,Male,154.6,66.5,27.79,68.3,104.5,73.5,36.49,14.24,83.9,181.1,0.7,5822.2,288.4,98.9,0,1,0,1,0.292,35,General
PAT-10491,41.9,Male,166.9,79.7,28.6,82.8,124.7,85.3,36.65,14.76,88.5,231.8,0.87,6757.9,211.1,97.9,1,1,1,0,0.324,1,Cardiovascular
PAT-10992,83.2,Male,181.2,127.8,38.92,159.0,191.9,132.2,38.69,21.48,490.2,507.7,7.8,47612.7,737.7,88.0,10,5,4,5,0.939,338,Hematological
PAT-10817,61.8,Female,176.2,81.9,26.38,83.3,131.9,98.6,36.66,13.89,166.8,170.0,0.9,7947.3,266.0,97.8,3,2,0,0,0.423,86,Respiratory
PAT-10119,55.7,Male,178.0,57.9,18.29,81.1,119.7,79.2,36.38,14.31,98.4,163.6,1.01,5626.0,339.9,98.8,0,0,1,0,0.212,25,General
PAT-10635,72.4,Female,148.0,76.9,35.1,75.9,168.3,100.6,36.96,12.42,161.2,233.8,1.17,8415.7,226.1,95.0,2,2,0,3,0.346,30,Metabolic
PAT-10251,26.9,Female,183.1,47.5,14.17,58.0,117.1,77.2,35.8,13.02,93.4,146.7,0.89,7846.6,390.0,98.3,2,0,0,0,0.345,12,General
PAT-10406,49.5,Female,161.9,65.6,25.01,76.7,112.2,84.5,36.74,14.16,103.7,219.9,0.91,7823.8,231.8,100.0,2,0,0,1,0.182,7,General
PAT-10718,56.0,Female,166.1,55.2,20.03,76.2,149.0,86.0,36.8,12.89,94.8,205.6,1.1,8642.0,264.6,97.6,2,3,1,1,0.539,22,Cardiovascular
PAT-10705,61.1,Female,162.9,87.0,32.78,83.7,134.6,91.6,36.34,13.15,106.7,212.8,1.08,7236.6,297.1,98.6,1,4,3,0,0.482,19,Metabolic
PAT-10010,48.5,Female,165.5,84.7,30.94,83.0,128.9,70.9,36.61,13.83,97.8,189.5,1.14,7784.4,298.9,98.2,0,4,0,1,0.429,6,General
PAT-10860,78.0,Male,170.6,89.1,30.62,69.0,120.1,84.6,36.73,15.29,127.9,270.5,0.7,8528.2,243.6,97.3,4,3,3,1,0.541,5,Metabolic
PAT-10197,31.4,Female,176.3,57.4,18.46,87.9,122.2,91.6,37.26,14.96,91.3,177.2,0.88,7200.0,212.5,98.0,0,2,0,0,0.108,48,General
PAT-10653,61.7,Female,173.6,93.4,30.98,83.2,163.5,87.6,36.42,12.84,170.8,252.8,1.48,6982.3,340.7,97.9,1,3,3,2,0.314,10,Metabolic
PAT-10082,46.3,Female,178.4,52.7,16.56,90.7,115.1,83.3,36.71,15.1,107.5,230.0,1.03,7025.4,257.4,98.7,1,3,0,0,0.257,12,General
PAT-10448,30.7,Male,162.8,76.2,28.77,63.9,132.8,75.4,36.31,15.61,109.8,175.0,0.87,8196.9,241.8,99.1,2,2,0,3,0.295,2,Metabolic
PAT-10534,27.5,Female,184.7,72.4,21.22,79.6,125.2,77.3,36.78,14.04,103.8,190.6,0.86,7624.3,242.4,98.8,1,0,0,0,0.471,21,Cardiovascular
PAT-10669,78.6,Male,163.9,69.8,25.97,67.6,151.1,99.7,36.94,14.6,166.8,259.6,1.52,9922.1,276.9,95.8,2,4,3,3,0.386,5,Cardiovascular
PAT-10240,52.2,Male,166.8,61.7,22.16,71.1,133.9,74.3,36.61,13.95,95.9,188.9,0.92,7296.3,178.6,97.5,3,1,0,0,0.373,7,General
PAT-10412,28.5,Female,159.3,85.1,33.57,67.4,116.0,80.4,36.53,14.77,104.4,224.1,0.88,6248.2,225.2,98.8,1,0,1,1,0.57,9,General
PAT-10212,55.6,Female,173.0,78.1,26.11,95.0,121.9,73.0,36.03,15.38,96.2,199.2,1.19,7198.3,231.1,99.4,3,3,1,0,0.31,10,General
PAT-10774,50.1,Male,151.0,55.0,24.13,88.8,145.7,84.6,36.33,13.36,97.7,304.9,1.09,6693.4,251.4,95.8,4,3,2,1,0.722,35,Metabolic
PAT-10546,32.4,Female,152.1,55.4,23.93,77.2,113.8,79.1,36.19,16.78,108.4,155.6,0.92,5675.8,298.0,98.0,0,0,0,1,0.159,1,Cardiovascular
PAT-10520,51.0,Female,163.9,72.3,26.92,73.9,121.6,88.2,36.57,13.04,115.2,150.5,0.76,6133.9,271.5,97.0,0,2,1,3,0.226,9,General
PAT-10228,29.1,Female,176.1,67.9,21.9,80.2,110.9,84.6,36.26,13.87,86.5,146.4,0.85,7238.9,324.6,98.3,2,0,1,3,0.383,17,Metabolic
PAT-10923,63.3,Male,163.7,70.3,26.24,108.0,157.1,89.6,36.83,15.0,173.0,244.2,0.88,7967.0,191.0,96.1,5,4,0,5,0.284,24,Cardiovascular
PAT-10405,36.6,Female,172.1,77.5,26.14,80.3,117.1,73.3,36.6,14.29,79.0,162.1,0.95,5861.2,244.8,98.1,2,2,1,1,0.097,13,General
PAT-10890,56.9,Female,154.9,81.6,34.0,89.8,149.0,94.4,36.73,13.88,151.6,219.2,1.23,9770.7,206.0,97.1,2,5,0,3,0.532,24,Metabolic
PAT-10178,59.4,Female,153.2,72.3,30.8,70.1,137.0,73.6,36.83,13.56,74.7,146.4,0.94,5120.4,289.2,98.1,2,1,2,1,0.471,20,General
PAT-11007,32.3,Female,159.6,82.2,32.27,128.1,196.8,127.3,40.65,18.51,377.9,420.3,6.86,51399.2,725.0,79.3,12,6,4,13,0.84,254,Respiratory
PAT-10466,39.3,Female,183.3,72.6,21.59,81.4,107.9,81.5,36.85,15.06,74.0,152.5,0.86,7954.8,281.2,98.3,0,2,1,3,0.151,17,General
PAT-10431,27.8,Male,168.5,77.1,27.16,81.4,122.3,76.6,37.3,14.77,110.9,167.0,0.85,6913.4,338.5,97.5,0,2,2,0,0.552,1,Cardiovascular
PAT-10533,41.2,Male,158.8,71.1,28.19,85.2,129.8,82.8,37.05,14.95,97.9,193.4,1.06,9143.7,223.7,99.6,0,2,0,1,0.426,2,General
PAT-10696,65.3,Male,175.5,65.8,21.37,87.3,147.5,90.0,36.35,14.63,165.7,217.3,1.01,9109.0,216.3,96.3,4,6,2,3,0.477,37,Metabolic
PAT-10479,75.0,Male,162.8,77.6,29.3,71.6,100.9,71.3,36.13,11.9,74.6,150.7,0.86,7648.9,220.9,96.8,2,1,1,1,0.24,6,General
PAT-10689,48.3,Male,167.3,61.0,21.77,78.4,127.0,86.5,36.26,14.5,167.1,239.1,1.18,8604.7,246.0,95.5,1,1,2,2,0.273,20,Metabolic
PAT-10008,51.2,Female,161.9,73.6,28.1,66.8,128.5,80.7,36.85,15.44,111.3,206.4,0.97,8306.4,175.1,98.3,0,1,2,1,0.117,19,Metabolic
PAT-10156,33.4,Female,180.4,93.3,28.66,81.4,110.0,65.2,36.67,12.93,99.8,180.6,1.12,7121.7,317.9,99.1,1,0,0,1,0.153,1,Cardiovascular
PAT-10358,38.5,Female,178.7,89.2,27.92,67.3,106.6,70.2,36.14,16.03,95.2,157.4,0.92,6573.2,257.4,98.2,1,1,0,0,0.396,10,General
PAT-10585,70.2,Female,161.7,97.5,37.27,74.3,157.8,83.4,37.01,13.31,152.7,198.5,1.27,8764.8,172.1,95.7,4,4,1,1,0.275,35,Cardiovascular
PAT-10224,22.6,Female,183.7,50.8,15.04,69.1,124.6,84.4,36.29,13.23,101.1,176.0,0.88,6584.6,275.3,97.5,2,2,0,0,0.313,5,Cardiovascular
PAT-10330,49.5,Male,156.2,65.1,26.67,73.7,111.5,89.1,36.53,11.5,87.9,195.1,0.68,8832.3,313.1,98.8,1,2,1,0,0.039,19,General
PAT-10634,67.2,Female,172.1,107.2,36.19,64.9,120.3,87.9,36.37,11.69,166.5,308.5,1.35,9016.7,343.2,95.7,3,3,2,0,0.511,47,Metabolic
PAT-10823,52.7,Male,175.5,81.2,26.36,96.1,132.3,81.9,36.66,13.93,90.0,226.1,1.48,7604.8,261.8,96.1,4,5,2,2,0.232,5,Cardiovascular
PAT-10869,73.3,Female,157.4,87.0,35.12,70.1,122.9,91.3,36.1,14.03,148.6,181.2,1.4,10508.8,327.3,95.3,4,1,2,1,0.202,19,Respiratory
PAT-10612,60.6,Female,159.5,87.8,34.5,75.2,133.6,87.3,36.22,15.04,125.2,216.5,1.32,6514.3,226.6,96.9,1,3,1,0,0.432,62,Cardiovascular
PAT-11042,62.9,Male,150.1,85.0,37.7,144.4,192.7,126.3,39.46,20.82,459.3,508.6,5.89,48936.8,685.6,88.7,10,5,3,6,0.896,271,Hematological
PAT-10747,53.2,Female,178.6,98.1,30.74,98.7,120.9,92.0,36.44,14.18,212.6,204.9,0.78,6377.1,253.0,97.1,2,2,4,1,0.718,37,Metabolic
PAT-11006,19.4,Male,166.3,115.4,41.71,145.9,188.9,117.5,39.68,19.47,386.7,480.6,8.44,38016.9,897.0,78.2,9,11,6,13,0.784,161,Rare Candidate
PAT-10810,75.0,Female,169.8,99.0,34.31,82.8,144.6,89.0,36.34,14.21,144.4,184.8,1.51,7861.3,235.7,94.3,2,6,0,1,0.328,109,Metabolic
PAT-10495,60.3,Female,174.5,82.7,27.17,67.6,119.0,74.6,36.92,13.91,73.3,221.4,0.77,9258.4,226.9,98.1,1,0,1,2,0.377,4,General
PAT-10573,45.9,Male,171.0,73.1,25.0,91.2,164.9,97.8,36.76,13.0,140.7,220.3,1.18,5199.4,289.5,96.1,2,4,1,1,0.647,44,Metabolic
PAT-10629,44.4,Female,149.6,80.0,35.77,77.2,149.0,94.7,36.88,10.6,145.0,194.0,1.27,6480.8,185.6,96.9,1,5,0,0,0.484,32,Metabolic
PAT-10763,52.3,Female,163.2,88.4,33.17,74.3,151.6,93.1,36.6,12.07,150.6,224.2,1.11,9161.6,140.0,97.5,1,7,1,1,0.164,63,Cardiovascular
PAT-10959,20.1,Male,174.2,44.5,14.68,43.1,77.9,45.4,40.29,6.47,468.1,498.7,7.99,1994.6,51.6,89.3,7,8,6,9,0.876,213,Rare Candidate
PAT-10164,32.2,Male,160.4,83.3,32.39,70.6,113.6,89.7,36.58,14.8,89.7,215.6,0.73,5965.8,231.1,97.9,1,0,0,1,0.065,49,General
PAT-10229,33.4,Male,165.3,71.5,26.15,77.7,110.6,80.8,36.67,13.96,78.3,174.8,0.82,4470.1,212.7,97.1,1,1,0,3,0.165,11,General
PAT-10524,48.8,Female,181.3,68.8,20.92,74.7,126.1,81.5,36.71,14.88,76.8,209.3,0.96,5416.3,221.8,97.4,0,0,1,0,0.416,5,General
PAT-10787,72.8,Male,166.7,87.7,31.56,82.3,142.4,94.6,36.84,13.0,147.0,222.9,1.23,7179.5,221.6,94.5,3,4,4,4,0.55,180,Cardiovascular
PAT-10213,53.4,Male,170.0,62.2,21.5,78.9,114.7,74.7,37.2,14.75,95.5,171.5,0.89,10322.5,231.8,97.5,0,1,0,0,0.494,6,General
PAT-10826,55.4,Male,178.1,88.6,27.93,77.0,155.3,91.4,37.04,13.11,120.1,267.0,1.44,7857.9,181.5,95.9,1,4,3,1,0.593,62,Metabolic
PAT-10080,18.1,Female,157.9,83.8,33.59,75.2,133.4,78.2,36.48,14.84,86.3,173.7,1.05,4758.0,241.9,98.5,2,0,0,2,0.11,16,General
PAT-10149,48.3,Male,165.8,73.4,26.7,89.8,125.7,74.9,37.08,12.49,95.1,217.2,0.88,7923.3,267.2,98.3,3,1,0,0,0.104,25,General
PAT-10303,51.0,Male,158.1,63.4,25.38,66.6,132.1,75.0,36.89,15.79,89.0,179.2,0.84,6592.6,245.9,96.4,0,2,0,1,0.155,2,Metabolic
PAT-10449,35.8,Female,166.5,62.3,22.47,72.3,130.4,80.4,36.63,13.47,85.3,173.6,0.73,8419.0,193.2,97.8,1,1,1,1,0.426,26,Metabolic
PAT-10502,64.9,Male,152.2,65.1,28.12,58.0,111.0,73.0,37.03,12.09,77.0,162.5,0.6,5447.3,290.0,98.1,2,0,0,0,0.266,11,General
PAT-10549,46.5,Male,163.8,64.6,24.06,67.2,127.1,74.5,36.21,14.34,85.8,211.3,0.85,7678.3,187.7,98.2,0,0,0,0,0.196,8,Cardiovascular
PAT-10842,48.6,Male,176.8,72.4,23.15,87.3,139.4,95.1,37.25,13.57,139.3,194.2,1.05,7744.7,278.1,97.9,1,3,1,3,0.349,69,Cardiovascular
PAT-10044,38.4,Female,158.8,70.7,28.05,86.4,117.6,82.6,36.3,12.36,81.2,206.5,0.77,8346.6,258.0,95.3,1,0,0,1,0.334,1,General
PAT-10494,31.7,Male,164.1,76.1,28.26,72.4,98.7,76.1,36.58,13.42,84.1,187.8,1.02,6866.2,326.8,97.4,2,3,0,0,0.288,35,General
PAT-10134,47.7,Male,177.5,58.9,18.71,69.2,113.5,69.9,36.85,14.95,132.4,200.2,1.06,7158.9,241.7,96.8,3,1,1,1,0.62,2,General
PAT-10595,63.8,Female,171.5,82.7,28.1,69.1,150.3,88.9,36.58,12.9,129.0,304.1,1.03,9075.4,302.5,98.5,5,2,2,2,0.515,8,Respiratory
PAT-10312,55.2,Female,165.4,91.3,33.38,84.7,108.9,67.5,36.69,16.1,116.6,188.7,1.05,4675.4,263.5,97.4,2,0,0,1,0.383,1,General
PAT-10508,31.6,Male,169.7,69.9,24.28,79.0,103.7,78.2,36.51,13.24,81.5,168.5,0.94,5621.2,296.8,97.6,2,2,0,2,0.329,21,Cardiovascular
PAT-10656,73.5,Male,173.8,76.9,25.47,100.8,144.8,110.0,36.57,14.16,131.4,182.9,0.99,6473.7,307.6,99.4,5,1,2,1,0.101,5,Cardiovascular
PAT-10517,48.0,Female,160.6,64.3,24.91,79.2,108.5,76.9,36.19,14.29,88.0,231.8,0.96,7353.0,189.2,98.6,3,1,1,2,0.494,1,General
PAT-10850,45.4,Male,173.6,61.4,20.38,94.4,139.7,94.8,36.76,11.78,149.8,216.6,1.3,5206.2,225.3,94.8,3,3,1,1,0.398,32,Metabolic
PAT-10812,78.2,Male,163.6,81.3,30.37,79.4,147.8,91.7,36.46,10.4,132.0,246.8,1.06,7661.7,295.4,97.5,1,3,2,1,0.498,12,Metabolic
PAT-10001,48.0,Male,181.5,69.7,21.14,82.3,120.2,79.3,36.63,14.25,94.1,175.7,1.0,6392.8,275.4,99.7,2,2,0,2,0.068,15,General
PAT-10783,52.6,Female,167.3,79.2,28.29,83.8,138.4,85.4,36.77,13.32,171.8,266.1,1.16,10169.2,230.7,95.3,1,1,3,1,0.389,180,Cardiovascular
PAT-10383,18.0,Female,164.0,57.1,21.24,72.2,95.1,78.4,36.87,15.25,87.8,197.4,0.6,5768.5,206.9,97.6,1,1,0,1,0.054,2,Cardiovascular
PAT-10317,50.2,Male,166.4,86.7,31.31,80.6,132.2,85.7,36.14,13.47,97.6,175.6,1.12,9045.3,322.5,97.1,2,0,1,0,0.446,9,General
PAT-10762,56.8,Female,169.9,114.4,39.61,82.6,116.2,101.7,36.74,11.55,226.5,276.0,1.44,9734.1,301.4,97.2,3,4,2,2,0.368,80,Cardiovascular
PAT-10592,70.6,Male,159.1,91.7,36.22,77.4,149.1,88.9,36.67,13.33,154.1,273.0,0.96,6310.3,234.6,98.7,2,2,1,1,0.357,34,Cardiovascular
PAT-10409,43.4,Female,164.7,83.5,30.78,71.3,114.4,78.2,36.47,15.0,80.6,187.3,1.21,7854.8,271.3,97.0,1,0,0,0,0.425,6,Metabolic
PAT-10942,20.4,Female,169.5,59.5,20.72,45.0,75.4,51.3,40.5,5.08,466.7,451.5,5.38,2423.6,54.9,85.9,13,7,4,10,0.872,223,Respiratory
PAT-11005,20.2,Female,165.2,90.7,33.23,129.1,196.6,126.1,38.88,19.21,459.5,486.8,8.27,42789.3,770.4,79.9,7,6,4,11,0.889,170,Renal
PAT-10751,44.7,Female,165.2,55.0,20.15,77.3,129.9,104.2,36.56,12.26,97.2,290.8,0.98,6401.8,245.5,97.0,3,1,0,5,0.131,35,Cardiovascular
PAT-10173,41.1,Male,176.8,45.0,14.39,59.8,117.2,67.9,36.25,13.27,121.2,176.2,0.99,5444.2,307.6,98.5,1,2,0,1,0.257,20,Cardiovascular
PAT-10126,68.3,Female,170.0,69.7,24.14,72.0,104.5,74.5,36.65,14.97,123.7,185.1,0.91,6386.6,267.1,97.2,0,0,0,1,0.105,7,General
PAT-10697,67.1,Female,173.9,90.0,29.77,75.8,140.3,85.8,36.84,12.44,156.5,250.1,1.33,8972.8,233.7,96.8,5,4,2,0,0.205,46,Cardiovascular
PAT-10500,25.4,Female,176.4,48.8,15.67,74.5,112.9,86.7,36.91,13.74,83.9,143.2,0.85,7279.4,195.7,99.7,1,0,0,1,0.173,14,General
PAT-10597,60.0,Male,171.7,83.4,28.3,86.5,137.9,95.4,37.6,14.31,233.1,281.3,1.51,7137.0,192.9,98.5,1,4,2,1,0.38,92,Metabolic
PAT-10972,25.4,Female,160.9,99.6,38.44,39.7,91.9,45.7,39.86,7.33,377.5,550.0,9.2,1626.3,18.0,84.3,9,7,3,8,0.806,271,Hematological
PAT-10091,43.2,Female,154.0,75.8,31.97,58.0,135.5,85.7,36.93,14.74,98.9,184.3,0.85,8107.4,238.2,99.5,2,1,0,0,0.085,8,Metabolic
PAT-11011,69.2,Female,170.3,81.4,28.06,128.8,216.3,120.2,40.3,18.64,373.8,451.8,5.62,43145.1,769.2,89.1,11,10,3,8,0.878,375,Rare Candidate
PAT-10182,31.7,Male,173.1,66.9,22.33,65.3,116.3,84.2,36.2,13.15,107.9,201.5,0.77,6838.9,260.5,98.3,2,0,0,0,0.237,5,General
PAT-10364,46.8,Male,166.0,74.4,27.02,75.9,133.3,78.3,36.29,13.04,100.0,172.9,0.91,6683.9,295.5,97.5,2,2,0,0,0.166,6,General
PAT-10275,30.2,Male,173.0,66.8,22.31,65.1,118.1,83.9,36.86,13.99,86.7,198.3,0.98,5661.3,319.0,98.8,0,1,1,0,0.24,60,Cardiovascular
PAT-10753,46.6,Female,166.6,82.4,29.67,75.1,130.3,87.2,36.9,11.67,173.9,297.4,0.96,9327.7,209.8,97.1,2,2,1,5,0.349,26,Cardiovascular
PAT-10963,48.9,Male,156.1,108.4,44.5,40.5,86.0,53.8,39.14,4.4,336.4,402.1,4.53,2107.1,26.0,83.5,10,6,6,12,0.844,132,Respiratory
PAT-10070,34.3,Female,162.0,67.0,25.53,83.1,128.9,72.8,36.95,13.35,108.5,200.7,1.08,8393.8,226.8,99.0,1,0,0,0,0.512,20,General
PAT-10292,36.1,Female,171.5,72.8,24.74,67.9,116.1,74.8,37.4,15.23,94.9,237.5,0.95,5022.6,262.6,98.7,2,0,0,2,0.358,14,General
PAT-10132,42.8,Male,167.5,65.6,23.39,84.6,124.8,81.4,36.55,14.45,94.4,223.2,0.95,8643.4,243.0,98.2,0,1,1,3,0.076,6,Metabolic
PAT-10301,32.1,Female,151.5,68.5,29.84,73.3,118.1,78.3,37.04,14.27,104.5,203.9,0.89,5005.4,301.9,98.0,0,0,0,2,0.215,3,General
PAT-10713,71.0,Female,152.7,67.9,29.1,88.3,165.8,78.3,37.08,16.35,141.7,219.2,1.34,6622.1,214.2,96.5,2,5,0,2,0.27,23,Respiratory
PAT-10327,55.9,Female,180.5,82.4,25.29,82.4,129.1,67.0,37.1,14.78,87.4,145.8,0.85,6838.6,243.1,97.7,2,1,0,0,0.332,9,General
PAT-10145,45.1,Male,170.9,55.9,19.12,70.7,115.9,76.3,36.43,15.59,86.2,174.4,1.02,7089.1,259.5,98.0,1,0,0,2,0.166,10,General
PAT-11001,22.9,Male,167.5,96.4,34.35,140.8,208.8,128.5,38.62,20.36,351.2,496.5,8.01,31569.2,842.9,81.2,11,9,3,6,0.937,123,Respiratory
PAT-10964,83.6,Male,190.7,45.9,12.61,44.3,76.5,48.4,40.44,5.7,418.4,482.9,5.97,2616.4,16.1,85.8,13,6,5,8,0.824,402,Rare Candidate
PAT-10887,52.5,Male,160.1,93.8,36.63,67.1,144.5,94.6,36.75,16.1,122.8,187.2,1.23,6238.4,256.3,97.8,3,4,1,2,0.362,41,Cardiovascular
PAT-10136,60.6,Male,178.7,66.1,20.71,82.1,109.6,77.1,36.77,13.36,84.8,206.0,0.77,6043.7,285.4,99.1,2,0,1,0,0.232,1,Cardiovascular
PAT-10997,37.2,Other,180.2,124.1,38.2,126.6,206.6,121.8,40.44,20.09,324.1,428.7,5.61,50706.9,765.6,88.6,13,10,5,11,0.952,169,Hematological
PAT-10723,77.0,Female,176.8,65.8,21.07,95.7,134.7,98.9,36.68,15.74,180.1,277.5,0.95,4667.0,200.1,97.1,2,5,2,2,0.441,7,Cardiovascular
PAT-10165,53.6,Female,159.1,74.9,29.61,58.0,137.4,74.8,37.16,15.13,110.5,231.1,1.06,7367.8,291.5,98.3,1,0,0,0,0.087,2,Cardiovascular
PAT-10029,34.8,Male,183.6,51.2,15.2,73.8,123.5,75.5,36.74,11.93,88.2,156.3,0.73,6463.4,153.5,97.7,1,1,0,0,0.599,45,General
PAT-10680,69.3,Female,164.3,111.3,41.24,73.9,157.7,85.7,36.96,13.14,137.0,224.4,1.12,9842.8,266.8,94.7,2,1,2,2,0.225,5,Metabolic
PAT-10194,27.1,Male,158.1,66.4,26.56,72.0,104.8,69.7,36.22,14.65,95.2,234.2,0.81,7831.8,249.8,98.0,1,1,1,2,0.133,11,General
PAT-10903,65.2,Female,173.5,99.7,33.1,98.8,151.3,76.6,36.78,13.4,240.0,231.5,0.96,8614.9,239.6,95.7,2,4,2,2,0.627,33,Cardiovascular
PAT-10814,63.7,Male,169.6,83.9,29.15,86.9,118.9,96.0,36.16,12.27,203.6,281.6,1.47,8737.8,187.9,98.1,6,1,3,1,0.374,43,Cardiovascular
PAT-10434,50.6,Male,172.6,72.3,24.29,78.9,121.4,79.6,36.58,14.66,104.1,178.2,1.1,6916.6,239.1,98.9,0,1,0,0,0.109,4,General
PAT-10988,46.5,Male,189.8,65.3,18.14,133.6,214.1,127.2,39.38,19.23,328.6,385.9,5.15,42229.3,797.6,82.3,6,11,6,5,0.861,340,Rare Candidate
PAT-10170,33.0,Male,177.1,58.3,18.59,65.4,123.7,70.8,36.5,15.36,101.5,140.0,0.89,5504.6,193.8,98.4,1,0,2,0,0.294,12,General
PAT-10542,28.4,Male,181.9,77.2,23.34,82.6,138.3,79.0,36.64,17.0,95.1,241.3,0.85,6553.1,237.3,99.1,1,1,0,0,0.685,1,Cardiovascular
PAT-10141,44.7,Male,170.7,74.8,25.68,64.3,115.4,71.8,37.02,13.66,103.8,189.3,0.97,5295.8,309.8,98.9,1,1,0,0,0.623,18,General
PAT-10174,46.1,Male,165.1,80.2,29.42,76.6,128.5,71.9,36.65,14.81,86.8,183.7,0.87,5811.4,303.5,99.6,0,1,1,1,0.179,20,General
PAT-10007,61.0,Female,165.8,58.0,21.11,77.0,113.4,83.4,36.36,12.96,131.9,185.6,0.94,8648.5,266.2,96.5,1,1,0,1,0.218,44,Cardiovascular
PAT-10821,60.1,Male,165.7,95.9,34.94,77.4,159.4,110.0,36.35,15.18,179.6,276.5,1.26,7349.8,161.2,97.6,2,2,0,3,0.756,5,Cardiovascular
PAT-10536,42.6,Female,173.2,66.2,22.06,70.2,116.7,77.0,36.47,14.78,98.7,210.2,0.97,7517.0,211.4,98.1,1,2,0,1,0.283,2,Cardiovascular
PAT-10962,24.8,Male,168.4,107.1,37.8,43.4,91.2,54.9,40.5,6.12,483.7,387.5,6.41,1860.0,44.4,83.8,13,9,6,8,0.863,338,Renal
PAT-10856,61.2,Male,172.6,94.9,31.87,62.3,147.6,92.7,36.45,16.48,128.3,242.8,1.02,7255.2,227.3,97.0,4,2,2,1,0.421,10,Cardiovascular
PAT-10074,60.8,Female,164.7,69.1,25.47,63.9,114.9,86.1,36.74,14.42,109.8,215.5,0.84,8889.1,289.7,98.2,1,0,0,0,0.571,60,Cardiovascular
PAT-10738,58.9,Male,156.7,83.7,34.11,83.5,151.4,92.3,36.24,13.59,147.9,236.8,1.04,4868.7,204.0,98.2,3,3,2,0,0.721,88,Respiratory
PAT-10528,42.6,Male,151.2,68.4,29.91,80.3,112.5,64.1,36.89,13.37,96.9,210.8,0.85,7189.6,231.3,98.9,3,0,1,1,0.028,6,Cardiovascular
PAT-10239,34.1,Male,166.3,64.8,23.44,61.9,114.7,78.9,35.98,14.65,98.0,215.3,1.05,4251.2,276.0,100.0,1,2,0,0,0.271,19,General
PAT-10146,51.4,Male,171.8,84.3,28.55,79.5,110.7,87.5,36.56,14.52,93.3,208.7,0.77,6001.2,209.6,97.4,2,1,0,0,0.706,10,Cardiovascular
PAT-10853,80.7,Female,162.4,81.0,30.71,77.0,147.2,91.6,36.24,14.35,176.8,192.6,0.82,8511.2,210.4,99.4,6,3,1,1,0.427,46,Metabolic
PAT-10235,67.7,Male,157.3,61.1,24.69,79.6,113.9,81.4,36.09,14.61,85.8,186.7,0.84,7783.7,209.7,97.3,1,0,0,1,0.543,13,Metabolic
PAT-10221,69.8,Male,161.7,89.7,34.31,79.3,125.3,80.6,36.75,14.38,106.5,181.5,0.8,5654.5,230.3,97.4,1,2,1,1,0.377,6,General
PAT-10215,38.2,Male,169.1,76.1,26.62,78.3,109.0,83.0,36.48,15.5,99.0,193.8,0.96,4747.3,265.5,97.7,1,3,0,0,0.207,7,Cardiovascular
PAT-10712,65.4,Female,166.4,92.0,33.23,67.9,131.5,91.7,36.69,12.14,194.1,210.6,1.05,8895.4,225.1,97.3,1,1,1,2,0.296,84,Metabolic
PAT-10133,29.3,Female,169.8,65.3,22.65,85.4,128.7,86.4,36.64,14.81,103.5,165.7,0.77,6666.4,201.9,100.0,0,0,0,2,0.362,8,General
PAT-11048,29.3,Male,182.6,106.2,31.86,156.9,219.9,128.2,39.08,21.67,391.9,513.4,8.09,39716.7,853.3,82.9,6,10,6,8,0.875,210,Rare Candidate
PAT-10907,48.0,Female,163.2,101.8,38.18,88.3,135.9,99.9,36.33,14.67,197.2,200.3,1.33,10671.7,202.1,96.0,1,4,2,3,0.356,7,Metabolic
PAT-10708,57.9,Male,165.7,75.5,27.49,68.5,141.6,85.9,37.3,14.16,195.7,262.5,1.37,8611.0,271.0,97.4,4,3,1,6,0.569,27,Cardiovascular
PAT-10423,39.0,Female,165.1,76.3,27.98,74.7,107.3,89.4,37.14,13.05,80.4,199.0,0.76,6358.7,293.9,98.3,1,0,0,1,0.242,2,Cardiovascular
PAT-10186,50.6,Male,170.5,83.0,28.55,77.7,117.3,78.5,36.97,16.05,92.8,214.3,0.76,8514.5,230.5,98.4,0,1,0,1,0.254,1,Metabolic
PAT-10042,44.1,Female,169.1,83.8,29.31,69.4,126.1,84.4,36.66,14.25,106.1,184.9,1.06,6567.9,222.1,97.6,2,1,1,2,0.682,14,General
PAT-10768,80.3,Female,151.7,65.4,28.39,71.5,131.0,99.3,36.73,15.51,199.5,228.5,1.19,4718.1,166.6,94.6,2,3,0,0,0.786,95,Cardiovascular
PAT-10109,45.1,Female,174.6,84.2,27.64,79.8,122.0,70.9,36.49,13.81,82.9,218.0,1.13,5887.6,247.3,97.7,1,0,0,0,0.129,4,Metabolic
PAT-10636,52.1,Male,153.9,70.2,29.65,71.1,139.0,78.8,36.61,16.08,190.5,240.6,1.15,8927.1,285.6,97.5,5,2,0,2,0.328,71,Cardiovascular
PAT-10057,31.9,Male,177.7,77.4,24.52,72.6,122.5,85.1,36.34,13.62,115.0,185.8,0.61,6476.1,230.6,98.5,0,2,0,2,0.179,4,Cardiovascular
PAT-10483,22.7,Male,157.2,86.3,34.92,85.7,119.1,81.6,37.04,14.07,91.7,188.2,0.67,8415.9,303.8,97.4,0,0,2,1,0.197,60,Metabolic
PAT-10754,68.8,Male,153.3,92.6,39.4,96.4,136.4,82.9,36.59,11.99,148.0,285.7,0.96,6096.0,226.8,96.7,3,1,0,1,0.493,75,Metabolic
PAT-10794,42.2,Female,166.1,89.5,32.46,72.6,116.4,93.0,37.53,11.9,155.0,196.7,1.15,7564.8,203.3,95.9,1,4,1,2,0.335,18,Metabolic
PAT-10469,35.6,Male,173.1,77.9,26.0,66.6,118.1,84.2,36.19,13.0,98.1,171.6,0.62,6043.0,293.3,97.8,2,2,0,0,0.048,9,Metabolic
PAT-10927,37.1,Male,177.9,84.9,26.81,43.5,84.6,54.2,39.71,4.06,444.2,364.3,8.5,2082.2,21.5,84.2,9,11,3,7,0.999,234,Rare Candidate
PAT-10436,42.9,Male,177.7,65.3,20.7,65.0,108.8,80.2,36.68,13.89,98.3,165.5,0.95,7078.5,281.1,97.9,0,2,0,0,0.406,9,General
PAT-10025,35.5,Male,179.9,78.8,24.37,58.0,122.6,72.9,36.55,14.72,97.7,168.7,1.07,6780.5,288.5,98.8,0,0,1,1,0.325,21,Metabolic
PAT-10550,34.8,Male,153.6,87.4,37.03,68.8,101.2,80.0,36.12,14.04,105.5,220.6,0.89,8305.4,277.8,98.3,2,0,2,0,0.252,1,Cardiovascular
PAT-10519,43.2,Female,166.5,73.2,26.4,72.4,116.1,84.0,35.99,15.22,84.1,220.7,0.92,7757.6,304.7,97.8,3,1,0,1,0.238,18,General
PAT-11050,78.2,Female,179.4,109.7,34.11,142.2,191.8,116.0,39.48,19.76,413.7,428.2,6.56,39057.4,912.9,89.3,8,6,5,9,0.926,258,Rare Candidate
PAT-10668,59.4,Male,163.4,80.3,30.09,90.6,162.5,105.8,36.84,15.77,126.8,290.1,0.7,6134.8,182.2,97.6,1,7,1,1,0.551,29,Metabolic
PAT-11022,25.0,Female,171.3,101.9,34.73,138.9,211.3,120.2,38.8,21.67,453.1,540.4,6.69,32744.2,720.4,83.7,6,6,5,12,0.846,417,Rare Candidate
PAT-10998,35.5,Female,157.1,71.5,28.95,156.7,198.9,134.4,39.29,19.29,488.8,477.7,5.88,35119.4,735.8,89.0,8,11,5,9,0.903,405,Rare Candidate
PAT-10339,47.0,Male,168.6,49.8,17.52,73.8,118.8,80.0,36.97,12.42,96.8,204.3,0.87,6786.2,259.1,97.7,1,0,0,0,0.289,55,General
PAT-10052,37.4,Female,154.8,45.0,18.77,85.9,133.3,84.3,36.01,13.29,97.5,193.1,0.86,5590.6,251.7,98.9,0,1,2,1,0.152,7,General
PAT-10384,35.7,Male,160.0,72.9,28.45,85.6,113.4,70.2,36.6,14.78,76.3,,0.86,5731.3,208.2,97.6,1,1,0,1,0.139,3,Cardiovascular
PAT-10862,52.6,Female,152.7,90.6,38.87,88.8,161.0,95.0,36.43,14.71,187.5,204.3,1.17,5251.8,224.2,95.9,3,4,1,1,0.218,27,Cardiovascular
PAT-10990,64.4,Female,151.8,95.7,41.54,136.2,215.0,116.4,40.62,20.06,334.6,441.7,5.78,47642.0,721.8,82.2,7,10,6,9,0.915,283,Rare Candidate
PAT-10683,67.9,Male,164.5,61.5,22.74,72.0,161.8,95.4,36.5,11.21,127.8,254.6,1.25,10348.5,254.4,96.5,4,3,1,0,0.588,5,Cardiovascular
PAT-10996,25.9,Female,155.4,47.4,19.64,154.4,221.5,115.2,39.67,20.06,323.6,532.4,8.53,39595.5,768.1,79.5,7,7,4,11,0.852,365,Rare Candidate
PAT-10265,39.0,Female,171.0,48.4,16.54,59.8,112.7,75.5,37.25,13.38,96.8,164.8,0.81,6693.7,239.7,97.1,3,2,0,0,0.023,22,General
PAT-10709,54.1,Female,168.0,81.7,28.92,89.5,115.0,98.0,36.91,16.5,148.2,268.9,1.23,4955.8,300.8,96.4,1,4,1,3,0.479,24,Metabolic
PAT-10766,49.0,Female,165.9,70.0,25.42,74.4,156.4,97.5,36.34,16.41,141.6,234.0,1.04,10552.1,299.9,95.6,1,1,2,0,0.494,29,Respiratory
PAT-10737,70.8,Male,159.0,89.4,35.33,96.8,142.8,101.9,36.86,14.44,131.2,246.9,1.6,7228.8,305.9,96.5,3,2,1,2,0.754,84,Cardiovascular
PAT-10445,26.3,Female,170.8,81.4,27.93,64.0,119.1,79.6,36.67,13.61,85.9,181.6,0.71,5520.8,256.7,98.5,3,1,0,0,0.158,16,General
PAT-10396,36.4,Female,163.6,52.0,19.41,58.6,122.2,84.0,36.94,14.06,119.3,169.0,0.6,6043.0,337.9,98.3,0,0,2,1,0.429,41,Cardiovascular
PAT-10559,65.3,Male,162.7,70.3,26.54,93.8,155.7,89.2,36.39,12.2,177.2,198.1,1.2,7616.7,271.5,93.4,6,3,0,2,0.602,18,Cardiovascular
PAT-10177,42.2,Male,155.5,74.0,30.6,76.8,119.5,81.0,36.87,14.66,101.0,218.1,0.68,4200.0,256.3,98.7,1,1,1,0,0.198,7,General
PAT-10019,31.1,Male,174.3,87.9,28.94,74.3,128.5,71.7,36.07,16.07,84.8,188.6,0.98,6898.9,220.5,98.1,0,1,0,2,0.335,34,Cardiovascular
PAT-10980,67.4,Female,175.5,113.7,36.91,39.9,75.7,49.2,39.9,5.9,451.8,383.4,3.8,1823.6,33.2,83.7,10,5,5,13,0.973,398,Rare Candidate
PAT-10539,54.1,Male,164.7,68.3,25.2,75.6,108.0,73.7,36.96,13.58,101.4,186.9,1.13,7083.5,200.9,98.4,2,2,0,0,0.288,20,General
PAT-10614,58.1,Female,167.2,81.0,28.96,85.3,115.0,102.7,37.11,13.33,118.5,239.9,1.04,7366.8,214.9,97.0,5,1,2,2,0.519,9,Metabolic
PAT-10591,75.3,Female,152.8,81.2,34.79,75.6,135.2,97.7,36.99,14.45,148.5,,1.08,5379.1,322.8,98.2,3,5,1,2,0.608,56,Cardiovascular
PAT-10368,42.2,Female,174.8,56.5,18.48,79.9,130.4,83.4,36.66,15.42,101.1,204.8,0.89,7339.8,238.2,97.8,1,1,0,0,0.379,60,Cardiovascular
PAT-10084,35.8,Male,171.1,62.0,21.17,75.5,136.9,87.0,36.51,13.61,79.0,203.3,1.13,7044.0,199.7,99.1,1,1,0,1,0.52,26,Cardiovascular
PAT-10062,39.8,Male,153.8,86.5,36.56,69.1,135.6,85.0,36.56,13.6,89.0,217.5,0.77,6488.0,277.8,99.4,0,2,2,2,0.449,2,Cardiovascular
PAT-10515,35.1,Female,175.0,53.8,17.58,81.2,115.4,92.0,36.56,14.13,102.3,192.6,0.87,7719.7,325.1,98.4,3,0,1,1,0.484,21,Cardiovascular
PAT-10273,56.0,Female,161.7,89.3,34.19,69.7,112.8,73.7,37.08,14.19,100.8,191.7,0.81,6461.4,237.4,98.3,3,0,0,1,0.058,32,General
PAT-10286,18.6,Female,173.5,75.3,25.02,76.1,129.6,82.0,36.83,14.37,98.9,174.9,0.7,5079.5,294.4,98.6,4,1,0,1,0.206,8,General
PAT-10361,48.2,Female,145.0,78.4,37.26,79.5,130.8,64.9,36.53,14.92,,190.7,0.83,5028.5,339.4,97.6,1,1,0,1,0.114,2,General
PAT-10355,41.8,Female,169.4,68.9,24.01,67.7,115.9,81.8,36.94,14.99,88.8,207.4,0.82,7024.4,239.7,98.5,3,0,0,1,0.328,35,General
PAT-10952,26.8,Male,161.5,119.2,45.68,44.0,81.9,48.9,39.75,3.99,,478.8,6.17,1999.2,51.4,86.9,8,5,5,7,0.792,294,Renal
PAT-10279,42.8,Female,169.5,67.5,23.48,75.3,118.8,76.2,36.36,13.69,107.4,180.0,0.81,5763.2,206.4,98.0,3,0,1,1,0.407,1,Cardiovascular
PAT-10369,43.2,Male,162.8,55.7,21.0,77.9,104.8,76.2,36.69,15.15,82.3,187.3,0.76,5950.9,315.7,98.1,2,0,1,2,0.709,4,General
PAT-10665,71.3,Female,168.6,87.0,30.6,83.3,130.0,89.1,36.94,12.11,177.8,251.6,1.26,9313.0,207.1,98.3,4,1,1,0,0.452,14,Metabolic
PAT-10619,62.6,Male,154.6,83.1,34.78,92.0,136.1,91.6,36.53,13.52,167.0,212.5,1.42,9404.7,310.3,95.6,1,3,1,4,0.14,33,Metabolic
PAT-10590,51.7,Female,152.9,97.4,41.67,85.5,142.8,82.4,36.52,14.9,132.7,210.1,0.88,4724.6,269.8,97.7,1,4,0,1,0.548,7,Cardiovascular
PAT-10658,56.2,Male,157.7,71.8,28.87,90.6,150.7,95.4,36.6,14.7,172.7,225.3,0.91,8171.0,256.6,98.8,1,3,1,3,0.111,113,Metabolic
PAT-11019,78.5,Female,175.1,81.1,26.44,134.7,224.5,116.8,39.75,19.69,379.3,395.1,9.22,30405.3,668.0,86.6,13,5,5,10,0.808,367,Respiratory
PAT-10457,40.7,Female,169.6,69.7,24.22,61.3,112.7,79.0,36.84,12.9,97.7,221.8,1.1,6467.7,240.6,97.4,2,0,0,0,0.419,10,Metabolic
PAT-10394,64.0,Male,184.4,68.7,20.2,73.6,121.6,84.9,36.67,14.84,86.1,226.0,1.17,6762.2,317.3,98.2,1,4,1,0,0.277,5,General
PAT-10685,61.2,Male,147.7,110.4,50.59,93.1,160.0,99.7,36.33,14.51,128.1,178.4,1.1,7010.4,219.9,98.1,1,3,2,3,0.378,100,Metabolic
PAT-10724,53.6,Male,161.6,72.8,27.87,78.5,137.7,82.1,36.83,15.51,107.6,226.4,1.47,11287.6,286.7,99.5,1,2,1,3,0.441,52,Cardiovascular
PAT-10376,32.8,Female,173.2,63.5,21.16,72.3,131.5,74.2,36.6,14.93,105.1,193.5,1.09,6866.0,212.7,99.0,2,0,1,1,0.188,7,General
PAT-10413,23.6,Male,178.8,59.1,18.5,95.0,123.2,82.2,36.9,14.23,77.4,184.1,0.97,6284.4,232.9,97.7,0,2,0,2,0.37,6,Cardiovascular
PAT-10075,18.0,Female,174.9,67.8,22.16,72.1,109.4,85.0,36.54,13.53,106.8,180.5,0.9,5252.6,242.7,97.6,0,0,0,0,0.077,42,Cardiovascular
PAT-10948,70.5,Female,174.7,118.7,38.9,44.8,91.9,45.8,40.78,5.89,457.0,477.0,8.89,2461.9,26.2,83.8,9,11,4,5,0.816,279,Rare Candidate
PAT-10501,53.1,Male,155.2,61.7,25.59,80.8,118.9,72.5,36.35,15.03,92.7,206.1,0.92,7172.6,313.5,97.0,0,4,1,0,0.307,13,General
PAT-10605,57.9,Male,156.9,95.6,38.8,102.1,153.4,95.4,36.98,14.85,165.8,207.2,1.28,10027.4,255.6,98.4,3,4,2,2,0.104,33,Cardiovascular
PAT-10115,39.7,Male,177.0,74.1,23.64,71.5,129.0,77.7,36.18,13.21,99.7,222.9,0.85,5481.2,293.6,98.8,3,0,0,1,0.098,17,Cardiovascular
PAT-10418,43.4,Female,174.5,107.7,35.37,78.4,123.2,83.4,36.31,13.66,102.9,179.5,1.01,7952.4,355.6,97.3,1,0,0,0,0.448,16,Cardiovascular
PAT-10090,48.2,Female,163.6,80.2,29.99,85.0,123.4,63.1,36.85,15.24,106.6,140.0,1.01,6797.9,261.7,98.2,2,3,1,1,0.306,9,General
PAT-10991,37.4,Male,158.5,64.7,25.75,146.5,202.5,131.5,40.05,20.67,430.5,429.9,6.67,41166.1,763.4,78.9,9,10,4,13,0.969,287,Rare Candidate
PAT-10933,64.4,Male,170.9,76.2,26.07,49.8,89.0,47.0,40.65,4.71,413.8,400.0,9.32,2150.8,18.0,88.3,10,8,4,9,0.975,232,Hematological
PAT-10875,66.0,Female,167.4,89.5,31.94,78.1,115.0,85.0,36.28,12.48,141.7,234.8,1.13,5127.9,167.7,97.3,1,4,0,1,0.201,15,Respiratory
PAT-10661,74.3,Male,158.9,99.7,39.48,69.9,154.4,92.4,37.03,10.2,90.0,193.9,1.08,6950.2,217.6,95.8,1,2,2,2,0.589,33,Metabolic
PAT-10012,36.4,Female,173.8,67.6,22.37,87.1,125.5,87.1,36.99,14.08,82.8,145.7,0.96,7635.1,335.5,97.8,1,4,1,0,0.18,13,Cardiovascular
PAT-10397,21.4,Female,187.4,73.0,20.8,73.9,127.1,80.0,36.63,15.75,110.0,140.0,0.78,7318.8,158.9,97.9,1,0,0,1,0.067,6,Metabolic
PAT-10576,68.7,Female,172.1,89.9,30.33,83.0,115.0,93.8,36.37,13.54,149.8,217.5,1.13,8769.5,218.0,97.3,3,3,0,3,0.234,50,Metabolic
PAT-10043,40.6,Male,173.5,57.8,19.2,74.8,109.8,77.0,36.3,13.93,89.0,189.1,0.97,7062.1,238.5,98.0,0,0,0,0,0.363,6,Metabolic
PAT-10168,64.8,Male,156.1,92.8,38.09,77.2,128.1,78.8,36.12,15.03,110.1,171.9,1.04,7359.7,260.7,97.7,1,0,0,1,0.227,10,General
PAT-10417,60.6,Female,178.7,45.0,14.1,77.9,104.9,85.2,36.45,14.43,87.3,194.6,1.03,8360.0,236.8,97.3,0,1,0,1,0.148,30,Cardiovascular
PAT-10968,21.8,Male,144.2,63.3,30.44,47.1,77.8,51.9,40.49,4.1,497.4,367.7,5.87,1728.8,53.1,89.3,12,8,5,8,0.957,390,Rare Candidate
PAT-10427,30.4,Female,172.1,67.6,22.83,75.4,112.7,68.7,36.35,13.33,113.9,208.0,1.03,5042.0,269.2,98.3,2,1,1,0,0.302,10,Metabolic
PAT-10545,18.0,Female,169.3,63.4,22.13,65.7,142.0,64.9,36.47,15.5,92.5,190.9,1.15,8247.0,382.5,98.8,1,0,0,1,0.321,6,Cardiovascular
PAT-10949,60.0,Female,171.9,96.9,32.81,45.5,84.9,52.2,40.1,5.91,473.1,375.1,6.79,1246.3,20.3,86.0,12,7,4,6,0.875,266,Renal
PAT-11031,72.1,Female,158.7,99.2,39.37,149.0,190.6,121.3,40.12,20.94,361.3,515.0,8.18,43955.2,795.5,79.0,7,8,6,8,0.805,298,Rare Candidate
PAT-10905,61.6,Male,168.6,84.8,29.81,80.6,147.5,75.1,36.39,11.7,109.7,253.3,0.96,7999.3,233.8,98.1,3,4,3,2,0.58,5,Cardiovascular
PAT-10662,56.5,Male,166.4,70.1,25.33,64.4,127.1,85.9,36.69,12.52,,238.3,1.19,4764.7,201.0,94.6,5,4,1,1,0.379,5,Metabolic
PAT-10258,33.5,Male,158.9,60.4,23.95,78.9,127.5,71.0,36.66,12.85,89.8,190.5,0.81,6481.3,181.8,99.0,2,1,2,1,0.262,31,Metabolic
PAT-10336,40.2,Female,172.8,86.7,29.06,71.3,122.9,73.1,37.03,15.98,106.1,156.1,1.03,9015.7,180.7,99.1,2,1,0,1,0.049,6,Cardiovascular
PAT-10016,35.3,Male,176.3,74.4,23.93,78.8,110.5,74.9,36.45,15.34,106.6,181.4,0.91,4200.0,182.8,97.4,0,0,0,0,0.25,2,Cardiovascular
PAT-10679,52.5,Male,172.6,73.0,24.51,91.1,155.2,90.0,36.59,12.68,201.3,240.9,1.14,6605.7,236.8,95.2,6,1,2,2,0.13,54,Metabolic
PAT-10325,29.9,Female,167.8,85.7,30.43,77.1,106.3,76.8,36.79,13.45,84.0,190.5,0.76,5455.5,225.3,98.3,2,0,0,1,0.204,20,Metabolic
PAT-10818,72.6,Female,169.6,55.0,19.12,91.7,133.9,86.7,37.17,14.64,142.3,295.7,0.7,6598.6,234.3,98.2,1,2,4,3,0.513,27,Metabolic
PAT-10223,50.2,Female,155.4,70.9,29.37,80.7,113.6,67.3,36.77,14.75,94.8,209.7,0.6,6192.6,239.4,97.2,0,1,0,0,0.102,22,General
PAT-10180,74.6,Female,190.0,64.8,17.95,74.3,119.4,85.1,36.72,14.2,85.2,183.1,0.77,5404.3,370.4,97.9,0,0,0,0,0.287,1,Metabolic
PAT-10100,39.2,Female,171.9,57.2,19.36,63.1,108.5,72.4,36.55,15.16,98.7,205.7,0.67,4340.6,227.4,98.2,1,2,1,0,0.112,11,General
PAT-10522,48.5,Male,176.6,68.4,21.92,79.3,115.8,67.3,36.31,12.9,,245.0,1.0,6688.6,237.1,97.9,1,1,0,0,0.263,1,Metabolic
PAT-10023,42.8,Female,177.4,45.0,14.29,72.2,113.0,79.7,35.98,15.03,85.7,175.0,1.03,7269.5,264.6,99.4,1,0,0,1,0.131,32,General
PAT-10357,41.8,Male,171.9,66.9,22.63,66.7,125.6,77.3,37.07,13.49,116.4,197.7,1.11,5925.2,225.2,99.2,1,2,1,0,0.419,7,Cardiovascular
PAT-10721,67.4,Female,165.8,84.8,30.85,64.8,138.9,88.7,36.29,12.81,159.7,202.1,0.72,9810.3,257.3,95.6,3,3,3,1,0.596,5,Cardiovascular
PAT-10928,22.6,Female,161.5,52.8,20.24,38.4,79.1,51.7,40.79,5.17,497.2,520.3,3.94,1911.9,45.0,83.7,10,7,4,9,0.821,235,Renal
PAT-10758,57.2,Male,177.2,87.9,28.02,87.1,161.7,89.5,36.1,13.42,163.5,276.3,0.87,7385.6,287.4,97.0,1,3,1,2,0.402,89,Metabolic
PAT-10341,32.1,Male,159.5,81.6,32.05,75.8,108.7,83.3,36.78,13.93,123.6,177.0,0.71,8113.8,240.7,98.3,4,1,0,2,0.069,19,Cardiovascular
PAT-10432,18.0,Female,170.4,45.0,15.49,77.9,117.5,82.5,36.39,14.75,93.0,175.9,0.98,8967.3,368.2,98.3,2,0,0,1,0.287,35,Metabolic
PAT-10596,78.4,Male,167.8,111.2,39.51,84.7,157.4,88.6,36.49,14.18,147.8,253.7,1.45,9851.0,247.6,96.5,3,5,1,1,0.635,87,Cardiovascular
PAT-10899,62.1,Female,165.1,93.1,34.17,89.3,141.5,99.3,37.43,16.04,197.1,242.0,1.27,8199.2,273.9,97.0,2,3,1,1,0.449,29,Metabolic
PAT-10204,54.6,Male,159.3,83.9,33.09,85.2,128.3,62.8,36.66,13.17,114.3,145.5,0.86,8940.7,258.2,98.1,0,2,0,1,0.263,32,Metabolic
PAT-10761,51.4,Male,176.2,78.5,25.29,77.9,136.8,73.4,36.64,12.71,101.8,210.7,0.72,6698.6,219.3,96.7,5,4,1,1,0.236,90,Cardiovascular
PAT-10094,38.1,Male,175.7,82.4,26.69,71.9,124.6,71.5,36.17,14.58,107.7,208.2,0.86,6529.7,287.2,96.9,1,2,0,1,0.428,21,Metabolic
PAT-10603,66.7,Female,160.6,69.8,27.05,70.0,153.7,92.0,36.79,16.08,145.6,205.4,1.15,9044.7,238.7,96.6,1,4,0,2,0.447,23,Metabolic
PAT-10069,46.3,Male,163.0,73.9,27.79,78.0,126.3,76.7,36.4,14.52,113.4,193.4,1.04,4591.7,321.5,97.7,0,0,1,0,0.282,23,General
PAT-10954,68.5,Male,153.5,88.6,37.63,41.7,88.0,45.9,40.35,5.97,428.2,501.9,5.32,2234.6,20.1,82.3,7,7,3,11,0.844,246,Rare Candidate
PAT-10285,67.6,Male,177.8,72.0,22.78,70.7,111.1,87.2,36.66,14.19,104.0,191.5,1.11,7330.0,306.7,97.6,0,2,1,1,0.296,15,General
PAT-10866,64.3,Male,174.4,71.9,23.64,79.1,138.8,82.5,36.65,13.88,195.3,205.0,1.13,5905.1,210.0,97.5,2,1,1,4,0.471,32,Metabolic
PAT-10435,60.0,Female,172.8,69.8,23.36,90.5,100.3,76.0,36.72,15.96,103.4,205.3,0.89,8140.0,207.0,98.2,2,0,0,1,0.39,10,Metabolic
PAT-10154,44.8,Male,174.3,53.8,17.72,63.4,142.0,77.0,36.38,15.48,119.5,176.7,0.78,6140.3,292.7,97.7,1,0,0,1,0.112,16,General
PAT-10076,51.9,Male,145.0,108.3,51.52,77.7,134.8,78.8,36.44,13.76,78.2,242.1,1.13,6870.1,166.8,97.5,4,0,0,2,0.343,11,General
PAT-10789,59.6,Female,164.0,125.0,46.48,93.1,151.5,97.5,36.6,13.9,151.6,207.0,0.86,7189.6,270.6,95.5,1,5,2,1,0.401,32,Metabolic
PAT-10581,42.9,Female,159.9,67.9,26.57,81.8,131.4,87.6,36.27,15.33,104.3,244.7,1.22,8462.2,344.3,97.6,3,3,4,1,0.35,59,Metabolic
PAT-10447,46.4,Female,175.7,78.7,25.48,68.3,111.4,82.7,36.3,12.55,91.7,175.8,0.97,9094.4,305.7,97.6,0,2,0,0,0.142,16,Metabolic
PAT-10189,31.8,Female,161.2,74.4,28.63,83.6,139.0,68.5,36.48,11.81,99.1,158.2,0.92,4444.1,268.2,97.8,1,3,1,1,0.185,47,General
PAT-10272,24.8,Male,171.8,71.8,24.32,86.3,133.0,71.6,36.52,13.12,95.6,185.8,1.04,8686.9,265.7,98.1,2,3,0,2,0.251,2,General
PAT-10237,18.0,Male,173.7,62.7,20.77,71.6,95.0,70.3,36.01,14.09,107.3,168.1,0.89,7156.7,218.2,99.4,0,0,1,2,0.247,23,Metabolic
PAT-10488,29.0,Female,168.1,84.9,30.02,77.1,124.4,77.1,36.81,12.06,99.5,180.3,0.92,7678.5,204.9,97.3,2,1,0,1,0.229,27,General
PAT-10560,76.1,Female,159.5,62.1,24.41,84.1,139.3,89.2,36.77,14.04,166.3,246.3,1.31,6957.9,263.6,95.6,4,3,2,0,0.53,92,Metabolic
PAT-10118,28.0,Female,166.7,85.8,30.86,78.8,128.2,91.9,36.16,13.27,105.6,245.0,0.89,5996.7,255.3,98.5,1,3,0,3,0.08,20,General
PAT-10881,49.3,Female,177.9,80.8,25.51,90.1,121.9,92.2,37.08,15.44,136.9,210.6,1.51,8885.4,261.7,97.8,4,1,3,3,0.815,84,Cardiovascular
PAT-10513,39.1,Female,177.2,62.1,19.77,69.2,113.9,84.1,36.26,13.27,125.9,165.8,1.01,4200.0,226.0,98.7,2,0,1,0,0.409,1,Metabolic
PAT-10598,68.0,Female,161.1,85.3,32.87,82.8,161.5,93.5,36.87,15.25,159.0,242.0,0.7,5382.3,201.8,97.0,1,1,1,3,0.485,28,Cardiovascular
PAT-10644,52.1,Female,171.6,75.9,25.77,69.3,153.6,96.1,36.54,14.15,193.0,187.3,0.98,8995.1,327.1,98.8,2,2,0,5,0.595,8,Cardiovascular
PAT-10127,30.1,Male,175.8,58.0,18.76,71.1,115.1,71.4,36.05,15.49,70.0,180.9,0.93,5900.7,272.7,99.3,0,0,2,1,0.071,60,General
PAT-10117,41.6,Male,186.8,72.0,20.64,64.0,122.5,84.7,36.27,14.59,80.6,186.0,0.94,5775.8,280.3,98.2,2,3,0,0,0.266,5,General
PAT-10474,58.4,Male,174.1,58.7,19.38,79.2,113.9,78.4,36.6,13.12,85.4,,0.77,7278.5,208.1,98.9,3,1,1,0,0.12,37,General
PAT-11033,27.6,Male,147.9,77.2,35.29,145.9,201.1,133.0,39.5,21.22,352.4,369.5,4.65,47608.8,844.3,81.8,7,6,3,10,0.997,248,Renal
PAT-10058,38.3,Male,167.7,94.7,33.69,87.3,130.5,86.6,36.63,14.24,98.7,230.9,0.81,4947.9,232.5,97.7,0,0,0,1,0.044,10,Cardiovascular
PAT-10729,74.6,Male,150.6,69.4,30.59,86.8,165.0,103.8,36.57,13.71,165.1,241.6,0.92,6410.1,150.5,94.7,3,6,2,0,0.226,53,Metabolic
PAT-10981,31.3,Male,167.1,95.8,34.32,38.8,81.2,48.3,39.22,6.01,429.4,502.6,8.86,1977.0,48.1,86.6,12,5,3,7,0.984,160,Respiratory
PAT-10370,32.7,Male,145.0,71.7,34.11,64.1,95.0,85.9,36.27,14.48,91.9,238.6,0.88,6153.5,248.5,98.8,1,1,2,1,0.218,35,Cardiovascular
PAT-10269,36.7,Male,179.0,51.0,15.92,61.8,118.2,77.5,36.4,13.58,99.7,221.4,0.87,6559.8,219.5,98.5,0,1,0,0,0.477,4,Cardiovascular
PAT-10047,36.5,Male,171.6,72.1,24.49,75.3,123.3,79.4,36.23,14.45,88.8,140.8,0.88,9371.6,261.0,98.6,0,0,2,0,0.444,34,General
PAT-10350,39.4,Male,165.0,69.8,25.66,79.5,107.6,68.6,36.67,13.32,99.8,188.0,0.9,5721.4,189.9,99.7,1,3,0,1,0.198,3,General
PAT-10196,46.6,Male,180.5,50.6,15.53,85.4,108.3,86.9,36.35,14.62,89.9,192.3,0.88,8103.7,228.3,97.3,2,1,2,2,0.074,1,Metabolic
PAT-10103,37.9,Female,165.7,69.0,25.16,77.4,137.6,84.6,36.38,13.04,83.7,171.4,1.16,6090.8,292.8,100.0,0,1,1,0,0.139,34,General
PAT-10900,47.2,Male,163.9,95.6,35.61,86.8,160.2,81.4,36.71,16.21,167.8,266.3,0.97,10907.2,226.2,96.8,3,1,3,2,0.332,7,Metabolic
PAT-10746,62.8,Female,165.7,99.5,36.23,91.6,166.0,95.9,36.69,13.4,195.0,249.6,1.27,9514.4,150.5,95.6,2,1,4,2,0.471,5,Metabolic
PAT-10894,67.7,Female,158.0,89.7,35.92,72.1,162.5,94.6,36.73,16.11,179.4,256.4,1.08,7652.0,238.6,97.8,1,2,2,2,0.663,54,Metabolic
PAT-10264,29.7,Female,154.0,51.8,21.86,75.1,123.6,70.0,36.57,13.56,94.8,181.5,1.05,7624.9,219.1,98.1,0,0,0,1,0.311,9,General
PAT-10444,40.9,Male,165.5,80.3,29.33,81.3,127.6,71.3,36.77,13.75,84.8,220.7,0.8,7791.7,280.3,99.1,0,3,1,0,0.235,13,General
PAT-10793,46.3,Male,171.0,94.5,32.32,62.0,152.3,106.7,36.58,13.23,120.8,258.1,0.88,7935.2,221.7,97.1,2,3,4,2,0.392,44,Metabolic
PAT-10305,41.7,Male,171.5,71.9,24.45,75.7,124.7,79.9,36.82,14.26,85.8,170.8,1.04,7330.8,248.8,99.4,2,0,0,0,0.23,47,Metabolic
PAT-10342,44.9,Male,166.7,89.4,32.17,71.0,142.0,71.5,36.42,14.89,104.9,211.3,0.99,5832.8,259.5,98.5,1,2,0,0,0.478,1,General
PAT-10937,24.8,Female,169.7,84.1,29.19,48.4,88.3,46.6,39.98,6.54,324.7,421.5,6.83,1724.3,45.1,79.0,8,8,3,8,0.881,435,Respiratory
PAT-10314,51.8,Male,170.9,81.0,27.75,80.6,113.9,80.9,36.92,15.05,72.8,191.1,0.81,6490.4,244.5,98.8,1,0,0,1,0.518,4,General
PAT-10150,45.6,Male,176.7,66.9,21.43,61.5,102.1,76.0,36.5,14.93,92.1,207.3,0.92,7732.3,289.8,100.0,0,2,1,0,0.292,19,General
PAT-10125,49.0,Male,166.3,85.6,30.95,90.8,118.2,78.0,36.69,13.59,97.3,220.6,0.73,7108.7,181.5,97.1,2,0,2,1,0.726,3,General
PAT-10847,68.2,Male,159.5,96.2,37.8,88.9,139.0,75.3,36.53,13.05,105.8,224.5,1.34,5530.5,164.2,96.2,3,4,0,2,0.589,55,Cardiovascular
PAT-10886,66.9,Male,160.4,80.1,31.13,95.2,141.5,99.5,36.57,12.17,134.0,234.8,1.28,7894.7,178.4,97.1,6,1,2,1,0.297,19,Metabolic
PAT-10051,45.9,Male,157.0,57.1,23.19,72.2,126.2,81.8,36.61,14.54,79.7,181.8,1.27,6069.8,256.7,99.0,0,0,1,0,0.101,13,General
PAT-10354,40.1,Female,169.5,68.7,23.9,72.1,111.4,77.8,36.67,13.68,88.9,185.9,0.69,4847.2,218.4,97.9,4,4,0,0,0.151,1,General
PAT-10999,23.7,Female,175.4,101.7,33.05,143.9,199.0,126.1,39.43,21.95,339.5,365.1,7.97,32944.0,949.5,81.3,10,8,6,13,0.956,353,Respiratory
PAT-10143,22.7,Female,167.4,59.2,21.1,74.1,126.0,72.2,36.73,15.46,107.6,163.9,0.87,7262.9,250.8,99.0,1,4,0,3,0.099,6,Cardiovascular
PAT-10471,38.7,Female,174.8,50.7,16.6,66.8,130.5,71.1,37.16,14.51,85.7,140.0,0.69,7722.8,275.4,97.3,3,1,0,0,0.194,7,General
PAT-10400,56.9,Female,170.7,71.2,24.43,85.5,116.6,73.7,36.53,14.16,100.0,194.4,0.87,5214.1,244.1,98.8,0,1,1,0,0.191,2,General
PAT-10930,50.6,Male,169.3,64.9,22.65,39.0,90.9,49.5,39.75,5.88,426.6,461.0,7.77,2337.6,34.3,81.7,14,6,5,13,0.805,166,Rare Candidate
PAT-10321,43.2,Male,168.3,68.4,24.16,82.1,101.8,72.2,36.49,12.5,107.5,174.3,0.98,6910.5,231.6,99.3,3,2,0,1,0.467,19,Cardiovascular
PAT-10020,25.1,Female,171.5,66.7,22.68,66.0,107.7,82.5,36.74,13.76,100.7,219.6,0.95,6356.8,196.7,98.6,1,0,1,0,0.295,8,General
PAT-10908,74.9,Female,153.4,59.2,25.17,67.8,140.9,93.1,36.61,12.19,90.0,254.8,0.7,7288.9,153.8,96.7,1,1,1,4,0.509,180,Metabolic
PAT-10851,71.9,Female,171.8,77.8,26.34,74.8,117.6,94.7,36.83,13.82,132.4,186.1,1.07,9654.7,274.6,95.6,4,2,2,1,0.648,51,Cardiovascular
PAT-10895,69.2,Female,182.4,80.7,24.26,80.3,153.1,85.6,37.24,12.25,132.1,273.8,0.78,7026.3,205.4,97.0,3,1,1,1,0.365,45,Cardiovascular
PAT-10408,40.3,Male,169.2,69.6,24.32,81.7,111.4,75.5,36.05,15.5,126.1,148.1,0.91,6788.4,280.7,98.1,0,3,1,0,0.146,59,Cardiovascular
PAT-10538,37.4,Male,159.4,84.4,33.25,77.7,133.3,69.9,36.54,13.62,90.2,211.5,1.11,6940.5,327.3,99.2,0,0,0,1,0.133,25,General
PAT-10694,61.3,Female,155.5,100.5,41.54,80.7,131.4,102.3,37.25,14.99,118.2,171.0,1.45,5343.5,298.2,96.0,2,3,3,0,0.347,132,Cardiovascular
PAT-10039,26.1,Male,183.5,61.2,18.16,79.4,124.7,78.1,36.6,13.17,82.7,174.3,0.89,6773.8,222.2,98.5,1,1,0,0,0.251,1,Metabolic
PAT-10176,51.9,Male,188.6,68.9,19.37,73.3,105.9,72.2,37.06,12.45,99.6,199.6,0.84,6623.8,341.9,96.7,1,0,0,2,0.076,3,Metabolic
PAT-10246,38.0,Female,155.7,52.5,21.67,68.7,122.2,73.2,36.59,13.87,96.0,153.0,0.72,6840.2,291.8,98.5,0,1,0,0,0.178,2,Metabolic
PAT-10893,48.1,Male,154.4,85.6,35.88,78.2,128.5,84.5,36.44,12.1,203.5,293.9,1.1,4889.8,293.2,96.4,4,2,1,2,0.59,114,Metabolic
PAT-10722,62.5,Male,159.6,57.1,22.42,80.1,140.2,101.7,36.43,15.61,104.3,239.9,1.48,7707.4,281.3,95.8,2,7,3,0,0.353,23,Cardiovascular
PAT-10944,42.8,Female,180.1,131.4,40.53,48.5,79.6,50.1,39.85,5.12,480.1,520.5,9.28,1375.2,43.4,84.1,11,8,5,6,0.922,135,Renal
PAT-10925,22.9,Male,181.5,89.3,27.12,42.2,84.1,45.3,38.82,6.13,401.7,375.7,8.73,2749.9,20.0,84.4,7,5,3,11,0.846,186,Renal
PAT-10155,45.5,Male,165.3,71.5,26.17,72.5,123.5,78.5,36.18,13.56,96.9,181.4,1.08,6421.7,231.7,98.2,3,1,1,0,0.112,6,Metabolic
PAT-10639,65.1,Male,163.7,74.4,27.75,100.0,146.9,99.9,36.65,14.41,122.3,243.0,0.96,9023.4,238.1,97.6,1,3,2,3,0.523,59,Metabolic
PAT-10288,49.1,Male,165.2,86.9,31.87,66.3,134.7,68.4,36.69,15.62,84.8,140.0,0.85,4271.7,238.9,99.1,4,0,0,1,0.091,14,Metabolic
PAT-10626,71.5,Male,168.6,95.4,33.57,86.1,117.9,85.0,36.87,11.21,164.1,262.6,1.08,7523.9,306.8,97.8,2,6,1,3,0.31,31,Metabolic
PAT-10742,66.3,Female,164.0,55.5,20.65,79.2,174.9,87.2,37.05,14.39,149.4,213.4,1.01,6766.9,265.8,98.7,5,3,0,1,0.612,180,Cardiovascular
PAT-10570,49.8,Male,164.5,72.8,26.91,70.2,145.1,96.7,37.05,14.43,147.3,258.0,0.91,5968.4,264.0,95.8,1,3,4,3,0.526,59,Metabolic
PAT-10802,71.1,Male,161.1,92.5,35.62,84.6,145.7,90.9,36.78,15.57,180.9,189.0,1.14,4500.0,257.3,95.5,4,3,2,3,0.74,5,Cardiovascular
PAT-10018,45.8,Female,162.2,60.4,22.95,72.7,106.3,82.3,36.37,15.19,111.5,174.7,0.84,6587.0,257.1,97.9,1,0,0,1,0.523,18,General
PAT-10128,35.2,Female,172.5,63.9,21.5,68.8,117.2,83.0,36.33,13.9,103.2,148.2,0.79,7205.3,327.0,98.8,0,1,0,2,0.267,1,Cardiovascular
PAT-10323,32.2,Female,177.8,79.5,25.16,78.4,100.9,74.5,36.48,14.63,90.6,198.5,0.72,9835.9,255.1,98.2,1,1,0,2,0.289,9,General
PAT-10256,36.2,Female,166.2,61.0,22.08,70.9,123.3,75.7,36.18,13.57,104.8,245.0,0.96,6810.5,273.6,98.0,0,3,1,1,0.328,9,General
PAT-10791,80.1,Male,174.5,75.4,24.77,72.8,144.0,95.8,36.43,10.96,163.8,267.8,1.16,7445.0,259.5,97.2,5,1,0,3,0.472,51,Respiratory
PAT-11034,30.2,Male,180.2,83.1,25.59,125.0,187.2,120.6,40.08,19.34,330.8,513.0,9.04,31872.8,824.9,83.0,9,11,6,12,0.954,234,Rare Candidate
PAT-10191,36.6,Male,152.8,67.3,28.85,70.3,142.0,77.6,36.76,13.15,80.4,212.5,0.71,8058.1,182.7,99.0,1,0,2,1,0.281,12,General
PAT-10116,45.6,Female,145.0,66.5,31.61,74.0,113.7,72.1,36.65,12.95,70.0,195.3,0.67,8956.0,273.4,99.3,0,1,2,0,0.2,7,General
PAT-10666,61.6,Male,158.7,66.0,26.2,80.7,152.6,102.0,37.04,15.4,201.5,268.1,1.15,9807.0,299.8,96.2,3,4,2,2,0.546,35,Metabolic
PAT-10607,71.7,Male,167.4,87.1,31.06,78.6,150.8,90.4,37.06,14.58,,196.6,1.48,6364.0,196.6,96.5,3,1,1,1,0.106,28,Cardiovascular
PAT-10181,49.5,Female,180.5,76.2,23.39,65.3,129.5,79.3,36.97,14.63,104.9,192.8,0.78,6303.9,349.3,98.3,0,2,1,0,0.072,10,General
PAT-10302,35.3,Female,172.6,47.4,15.92,62.4,103.7,78.3,36.73,11.98,106.7,142.4,0.74,6785.2,277.8,98.9,0,0,0,0,0.337,35,General
PAT-10830,60.1,Male,170.7,68.7,23.55,80.5,134.5,85.6,36.03,14.56,143.2,280.3,1.31,8003.3,265.3,97.9,1,5,3,0,0.259,135,Metabolic
PAT-10901,72.3,Male,160.7,70.4,27.26,80.4,139.2,80.6,36.94,14.99,156.9,233.7,0.9,6835.3,211.4,94.5,3,5,4,2,0.301,38,Metabolic
PAT-10781,74.1,Male,153.7,94.9,40.19,62.8,148.3,100.7,36.51,13.9,90.0,252.0,0.92,7185.4,308.2,96.9,2,5,2,4,0.3,60,Cardiovascular
PAT-10740,60.2,Male,173.6,80.3,26.64,83.3,123.3,93.6,36.57,14.0,147.9,170.0,1.15,5698.5,260.3,96.5,5,4,3,3,0.251,61,Cardiovascular
PAT-10716,78.5,Male,162.6,106.9,40.42,83.5,129.8,87.5,37.18,10.2,163.3,262.5,1.58,8074.1,235.8,94.5,3,6,2,1,0.301,8,Metabolic
PAT-10518,30.3,Female,168.0,80.5,28.53,64.9,102.5,77.4,36.28,15.08,87.6,201.0,1.1,4973.2,212.6,97.8,2,0,0,2,0.551,1,General
PAT-10373,59.4,Female,154.7,77.7,32.45,67.9,132.0,70.4,36.38,15.82,78.2,149.4,0.9,6750.5,212.1,98.3,0,0,0,1,0.26,1,Metabolic
PAT-10046,33.4,Female,153.0,78.3,33.46,62.3,118.7,73.6,36.12,14.99,85.1,171.3,0.93,5214.9,173.0,97.5,2,1,2,0,0.123,18,General
PAT-10978,54.4,Male,170.0,82.1,28.39,47.6,90.6,50.8,38.89,4.51,411.7,444.9,4.34,2471.1,20.8,80.9,13,6,3,11,0.975,391,Rare Candidate
PAT-10158,47.7,Male,169.1,61.9,21.63,86.1,102.2,72.1,36.35,14.66,86.2,141.1,0.68,6738.7,272.5,97.6,1,3,0,0,0.319,13,General
PAT-10803,59.8,Male,170.5,102.2,35.14,89.4,149.5,73.3,36.86,11.44,106.4,242.2,1.13,8448.5,254.3,95.8,1,5,1,2,0.332,11,Respiratory
PAT-10172,32.2,Female,188.3,68.6,19.34,83.5,100.7,88.8,36.74,14.51,123.7,228.5,1.0,8152.8,226.8,97.8,1,0,0,0,0.07,18,General
PAT-10017,29.8,Female,168.5,81.0,28.5,69.6,124.6,73.6,36.37,13.54,106.9,207.2,0.97,4698.8,382.0,99.1,3,0,0,2,0.306,6,General
PAT-10512,41.4,Male,178.9,59.6,18.63,72.5,123.1,65.2,36.0,14.0,103.9,200.1,0.85,5681.2,287.4,98.2,3,1,0,3,0.15,12,Cardiovascular
PAT-10049,46.1,Female,163.7,60.1,22.43,75.4,130.8,81.6,36.33,14.85,104.9,197.3,0.94,6990.5,268.7,98.0,2,0,0,1,0.137,24,Metabolic
PAT-10192,52.3,Female,167.1,65.8,23.56,77.7,118.4,77.5,36.73,12.71,81.5,190.9,0.67,6702.7,270.6,99.1,1,2,0,0,0.324,7,General
PAT-10906,65.7,Female,170.9,80.5,27.56,99.0,154.0,96.7,36.81,12.99,139.5,231.6,1.07,6408.9,214.9,94.9,3,7,3,1,0.508,5,Cardiovascular
PAT-10516,51.1,Female,163.0,60.2,22.64,84.2,113.1,91.8,36.44,14.47,88.3,140.0,0.69,6303.3,230.3,97.8,3,0,0,0,0.283,1,General
PAT-10735,62.2,Male,169.7,77.6,26.95,94.3,148.0,96.6,36.54,11.86,189.8,226.0,1.22,7498.6,281.3,95.7,1,3,0,0,0.762,169,Cardiovascular
PAT-10741,62.1,Male,163.0,55.0,20.71,80.2,146.8,83.2,36.77,13.95,154.1,255.0,0.7,8933.8,273.1,96.4,2,3,2,3,0.42,20,Metabolic
PAT-10481,40.5,Female,183.0,70.7,21.11,95.0,120.7,79.1,37.03,13.91,91.0,190.9,0.74,8729.5,191.0,97.5,1,4,0,0,0.181,21,General
PAT-10284,27.1,Male,179.1,62.2,19.39,63.4,115.4,74.9,36.39,11.81,92.5,184.6,0.6,5234.2,235.0,97.8,1,1,2,1,0.409,8,General
PAT-10775,61.0,Male,170.1,90.2,31.17,76.1,156.8,95.3,36.55,11.89,157.1,218.5,1.31,6791.5,206.8,97.9,1,5,1,1,0.499,47,Cardiovascular
PAT-10707,74.3,Female,161.6,79.6,30.51,66.4,149.3,82.0,36.52,12.97,132.3,189.6,0.74,7562.6,249.8,97.5,1,2,3,2,0.188,128,Cardiovascular
PAT-10226,55.1,Female,161.8,59.9,22.88,65.2,114.2,86.3,37.09,13.5,86.4,224.0,0.83,5880.4,150.0,98.6,1,0,0,1,0.172,13,Metabolic
PAT-10027,28.2,Female,186.7,70.8,20.32,93.3,109.9,82.7,36.29,12.37,85.1,208.9,0.97,7276.9,172.9,99.3,1,2,0,0,0.114,4,General
PAT-10843,61.4,Male,169.6,103.0,35.8,96.5,174.4,86.8,36.8,12.73,130.3,224.8,1.14,10003.9,261.1,98.5,1,1,3,2,0.338,50,Metabolic
PAT-10438,25.4,Female,160.4,81.4,31.61,66.6,123.1,80.7,35.87,13.01,91.2,145.0,0.93,6389.4,248.9,98.7,0,0,2,1,0.251,9,Metabolic
PAT-11023,81.5,Male,172.3,71.5,24.07,133.3,192.8,132.0,39.55,18.7,328.2,402.8,8.92,38079.0,913.3,80.9,7,11,3,9,0.793,163,Renal
PAT-10365,50.3,Female,157.5,68.7,27.71,78.0,107.1,79.4,36.42,15.11,102.2,,1.0,8013.0,179.9,99.5,1,0,0,1,0.277,1,Cardiovascular
PAT-10230,50.2,Male,179.2,76.6,23.85,87.4,113.3,86.1,35.98,15.04,115.4,229.2,0.74,4200.0,216.2,97.7,2,1,1,0,0.116,8,Metabolic
PAT-10038,18.5,Female,187.3,84.0,23.94,74.2,123.2,83.6,36.53,12.46,82.8,225.0,0.77,8565.9,243.6,96.6,1,2,2,0,0.208,5,General
PAT-10670,52.1,Male,171.3,73.7,25.1,86.8,143.6,80.2,36.75,13.66,130.9,268.5,1.12,7107.9,342.9,99.0,2,4,1,2,0.401,72,Cardiovascular
PAT-11035,75.2,Male,154.0,122.4,51.58,134.0,212.5,115.5,39.86,20.0,437.6,567.9,7.95,35823.7,729.6,83.1,13,8,5,10,0.932,441,Rare Candidate
PAT-10375,67.8,Male,167.9,48.4,17.17,79.5,115.9,73.0,36.53,13.06,97.2,197.4,0.84,7936.2,212.5,97.9,1,1,0,1,0.097,9,General
PAT-10470,35.1,Female,152.2,81.3,35.1,76.0,112.4,83.2,36.76,11.5,109.3,169.1,0.88,6442.6,335.6,96.7,2,3,1,2,0.285,14,Metabolic
PAT-11036,53.3,Female,155.8,74.4,30.65,157.6,215.4,132.2,39.96,19.03,447.8,530.2,9.01,39780.0,670.7,87.6,13,11,4,7,0.897,393,Rare Candidate
PAT-10688,56.0,Female,176.2,103.5,33.36,80.2,139.0,86.6,36.66,13.21,124.4,295.6,1.18,11500.0,300.3,94.7,4,3,2,1,0.339,17,Metabolic
PAT-10917,81.4,Male,159.1,87.9,34.72,65.1,170.9,92.4,36.74,13.96,163.9,211.6,1.34,6447.2,219.5,97.3,3,4,4,5,0.619,11,Cardiovascular
PAT-10759,75.4,Male,173.1,84.6,28.25,92.7,175.0,94.4,36.92,14.57,115.7,170.0,1.5,8839.0,207.8,96.3,4,1,2,1,0.481,47,Cardiovascular
PAT-10784,62.1,Male,165.2,60.3,22.08,83.0,161.1,87.9,36.6,11.46,123.1,204.6,1.33,8515.8,202.0,96.7,1,1,2,2,0.647,48,Metabolic
PAT-10195,44.1,Female,169.6,79.6,27.67,69.2,134.8,81.0,36.75,13.96,93.3,216.0,1.07,7481.9,324.6,98.4,0,0,0,0,0.405,21,General
PAT-10921,64.2,Female,152.7,88.7,38.04,82.9,138.8,88.2,36.46,10.93,170.0,287.6,1.48,10163.6,231.5,96.0,1,6,3,2,0.494,76,Cardiovascular
PAT-10931,19.8,Female,169.0,47.9,16.77,47.8,88.6,54.4,40.13,6.03,490.6,403.2,6.6,2103.9,42.7,78.5,9,11,4,13,0.969,228,Rare Candidate
PAT-10504,48.8,Male,179.4,71.8,22.33,75.7,116.3,79.8,36.33,13.32,91.4,194.0,0.99,7187.0,321.4,98.7,0,0,0,1,0.344,18,Cardiovascular
PAT-11037,64.9,Female,168.2,101.1,35.74,135.2,219.2,122.5,39.85,20.0,351.5,542.9,4.38,42268.8,876.5,79.8,13,7,6,13,0.942,321,Renal
PAT-10896,51.7,Male,175.7,72.7,23.56,93.7,158.5,85.8,36.79,13.2,144.3,239.1,1.15,8338.5,238.7,94.2,4,6,3,3,0.143,34,Cardiovascular
PAT-10580,68.3,Female,178.7,75.2,23.54,91.4,139.3,98.2,36.79,13.15,173.7,289.5,1.02,10380.7,208.1,94.9,5,1,1,2,0.841,29,Cardiovascular
PAT-10161,30.3,Female,158.1,74.2,29.68,64.0,129.2,67.2,36.57,14.56,122.3,156.3,1.18,6180.9,291.0,98.3,2,0,1,1,0.247,10,Cardiovascular
PAT-10681,44.7,Female,168.7,81.5,28.65,81.3,139.2,98.9,36.57,13.12,129.0,207.3,0.98,5249.2,190.8,98.3,1,3,3,2,0.327,5,Metabolic
PAT-10163,55.9,Male,182.4,77.6,23.34,81.1,118.8,73.7,36.88,15.62,82.6,237.5,0.78,4693.5,221.6,97.1,0,4,1,0,0.561,12,
PAT-10706,46.6,Female,165.3,100.3,36.71,81.6,143.3,89.0,36.74,14.45,203.7,215.4,1.07,7518.3,321.3,96.4,3,1,1,1,0.244,9,Metabolic
PAT-10757,83.1,Female,169.5,85.5,29.76,91.8,148.7,81.0,37.0,11.9,136.2,286.1,1.24,7021.9,308.0,95.2,2,3,4,4,0.677,30,Cardiovascular
PAT-10153,33.8,Male,173.4,80.5,26.77,66.8,121.8,74.4,36.78,15.13,70.0,189.9,1.13,6016.5,271.0,98.3,0,1,0,0,0.096,1,Cardiovascular
PAT-10801,53.7,Male,170.4,91.9,31.65,77.5,151.4,88.2,36.73,13.86,142.6,221.2,0.96,6911.7,276.5,95.1,1,1,3,1,0.279,5,Cardiovascular
PAT-10755,69.6,Female,152.0,88.2,38.19,78.9,115.0,82.2,36.04,12.47,145.8,253.1,0.96,6618.6,225.0,94.8,4,3,2,5,0.228,17,Metabolic
PAT-10815,76.3,Female,171.6,103.6,35.22,74.0,161.7,89.5,36.83,12.82,142.3,252.8,1.51,9482.5,273.0,96.4,4,2,2,0,0.254,55,Cardiovascular
PAT-10112,41.7,Male,150.0,73.9,32.84,77.8,126.2,71.9,37.1,13.01,78.5,187.2,0.92,5225.4,261.5,97.6,1,2,0,2,0.355,1,General
PAT-10227,42.8,Male,161.5,96.1,36.81,77.5,119.7,80.7,37.4,14.44,73.2,209.0,0.86,6482.5,306.0,99.8,0,0,1,0,0.333,3,General
PAT-10884,66.2,Female,156.6,89.9,36.67,71.3,133.7,77.5,36.63,14.78,138.0,240.6,1.53,9958.6,312.9,96.8,2,4,2,3,0.335,21,Metabolic
PAT-10104,32.4,Male,166.2,75.4,27.3,74.2,135.7,84.4,36.54,11.5,108.4,173.5,0.78,7328.1,218.1,98.6,4,0,1,1,0.488,31,General
PAT-10422,63.1,Female,181.5,73.4,22.29,76.6,126.9,78.3,36.69,14.15,100.0,175.2,0.8,7877.7,265.5,98.6,0,0,0,0,0.331,16,General
PAT-10420,42.8,Female,161.2,72.7,27.97,72.0,120.2,80.1,36.75,14.22,102.2,226.1,0.9,8099.8,251.9,97.8,2,3,0,3,0.323,12,Metabolic
PAT-10809,53.1,Female,163.0,58.5,22.03,88.0,151.1,93.0,36.56,12.51,93.0,170.0,1.15,8572.4,159.7,95.3,1,1,2,4,0.72,137,Cardiovascular
PAT-10587,67.9,Female,190.0,86.3,23.92,71.3,130.2,88.5,36.36,14.7,151.6,269.7,1.65,7349.3,352.4,97.4,2,1,3,1,0.427,44,Metabolic
PAT-11012,43.5,Female,152.1,53.7,23.19,144.5,198.0,134.4,40.01,18.65,509.8,490.6,8.55,37774.2,761.9,81.6,7,7,3,8,0.986,355,Rare Candidate
PAT-10673,72.4,Female,151.7,97.6,42.45,81.3,151.8,93.4,37.26,11.87,192.1,266.6,1.29,6140.9,268.1,96.6,1,2,2,3,0.609,78,Metabolic
PAT-10120,51.0,Male,158.6,83.7,33.25,70.4,124.5,72.6,36.96,13.67,93.2,181.2,0.91,8958.2,193.4,97.6,4,0,0,0,0.242,51,Cardiovascular
PAT-10054,49.3,Female,177.4,80.8,25.68,67.4,130.9,78.9,36.84,15.52,90.5,199.5,0.92,4648.3,264.5,98.6,1,1,0,0,0.228,14,General
PAT-10152,46.2,Female,157.0,64.3,26.1,74.8,123.0,78.5,36.18,16.23,88.9,165.0,0.93,5723.3,335.9,98.2,0,1,0,0,0.58,13,General
PAT-10404,42.6,Male,161.2,65.9,25.35,71.8,112.9,73.3,36.63,14.59,88.4,196.7,1.06,5510.4,246.0,97.1,1,2,1,1,0.348,8,General
PAT-11017,68.7,Male,148.5,128.6,58.37,155.5,198.7,118.9,39.73,21.38,,485.2,4.09,38721.3,796.9,81.7,7,6,4,9,0.774,189,Hematological
PAT-10208,48.2,Female,170.9,76.0,26.03,66.0,114.9,90.3,36.83,14.58,92.4,187.6,1.03,5983.4,307.1,97.8,0,2,0,2,0.26,5,Cardiovascular
PAT-10659,62.7,Male,167.3,75.9,27.1,91.3,161.9,91.5,36.59,12.19,162.2,230.2,1.25,8286.7,272.0,98.0,2,2,1,0,0.215,10,Cardiovascular
PAT-10910,59.7,Male,159.2,83.1,32.78,89.3,162.0,91.8,36.68,11.65,134.0,223.9,1.1,8869.9,264.2,96.9,3,6,2,4,0.672,15,Cardiovascular
PAT-10979,20.1,Male,161.3,134.4,51.68,51.8,81.1,45.9,39.5,3.91,350.0,394.9,4.29,2493.9,46.8,84.1,12,5,4,5,0.909,197,Rare Candidate
PAT-10009,36.4,Male,159.0,79.2,31.33,67.0,109.1,85.1,36.67,14.37,80.1,214.1,0.75,5977.2,262.4,97.8,0,0,0,0,0.118,26,Metabolic
PAT-10870,49.1,Female,164.2,69.3,25.68,80.6,133.7,91.2,37.06,12.14,148.9,234.9,1.15,7645.9,238.1,97.2,3,3,2,3,0.628,49,Metabolic
PAT-10037,44.5,Male,167.8,50.6,17.98,77.5,123.4,79.1,36.68,14.15,90.3,214.4,1.07,6568.0,338.9,98.8,3,3,2,0,0.156,3,General
PAT-10453,30.2,Female,172.4,84.3,28.35,63.0,112.9,78.9,36.34,14.94,76.9,174.1,0.82,8672.3,264.0,96.6,3,0,0,0,0.062,11,Cardiovascular
PAT-10652,55.0,Female,154.2,92.7,38.95,67.4,137.1,91.3,36.76,13.25,157.9,309.0,1.17,6477.1,269.1,98.1,3,3,2,4,0.21,156,Cardiovascular
PAT-10254,54.4,Female,182.7,78.1,23.4,67.1,115.8,90.3,36.79,14.44,87.9,191.2,0.85,6603.0,322.8,96.9,2,0,0,1,0.6,9,General
PAT-10304,49.3,Female,148.6,71.1,32.19,66.0,127.8,69.8,36.53,13.64,93.2,233.1,0.91,6277.1,224.2,100.0,3,0,1,0,0.238,22,General
PAT-10911,85.9,Male,164.4,66.5,24.59,97.1,144.2,84.6,36.42,14.55,222.2,218.8,0.99,8332.0,278.5,97.6,4,2,4,0,0.532,5,Metabolic
PAT-10572,65.3,Male,157.6,102.7,41.34,80.3,158.9,100.7,37.13,13.58,180.2,215.4,1.16,9141.0,182.7,95.9,6,2,4,2,0.477,8,Cardiovascular
PAT-10624,73.7,Male,170.8,86.2,29.55,82.7,120.4,98.4,36.59,15.9,150.5,231.1,0.77,9336.6,141.3,96.2,3,6,2,5,0.323,57,Cardiovascular
PAT-10765,58.5,Female,173.0,70.2,23.47,76.9,132.7,89.1,37.01,14.11,109.6,238.6,0.79,7525.8,224.6,96.8,3,7,1,4,0.532,63,Cardiovascular
PAT-10993,80.8,Male,179.4,93.8,29.14,144.5,188.6,116.3,38.63,19.31,425.5,433.4,6.68,47555.4,766.5,88.1,13,7,5,7,0.827,189,Respiratory
PAT-10263,18.0,Male,170.1,61.5,21.25,71.0,114.6,79.1,36.44,15.09,91.7,166.2,0.87,5481.3,298.3,99.3,1,1,0,1,0.546,1,General
PAT-10611,44.2,Male,171.5,80.5,27.4,76.2,119.9,88.4,36.91,12.82,157.0,242.6,1.19,11500.0,183.2,96.6,1,6,1,1,0.537,16,Cardiovascular
PAT-10298,45.7,Female,176.6,71.3,22.86,66.6,108.5,75.9,36.66,14.74,70.1,179.4,0.97,7468.6,287.4,99.3,2,0,0,0,0.316,22,Cardiovascular
PAT-10415,46.0,Female,158.6,62.9,24.99,63.2,119.1,72.1,36.14,14.11,85.7,162.4,0.9,6285.2,212.3,97.2,1,0,1,1,0.049,1,Cardiovascular
PAT-10151,45.0,Female,178.7,77.0,24.12,86.9,116.4,80.6,37.0,15.51,95.9,196.8,0.79,6836.6,213.2,98.4,0,0,1,1,0.205,2,General
PAT-10849,66.5,Male,166.0,74.7,27.11,76.6,171.3,72.0,36.71,14.02,118.4,209.3,0.89,7794.8,188.8,99.5,2,2,3,2,0.551,82,Cardiovascular
PAT-10641,49.0,Female,155.7,80.1,33.06,70.0,162.2,95.2,36.6,12.52,123.0,203.9,0.92,5959.8,234.9,97.1,3,1,1,2,0.511,22,Metabolic
PAT-10957,57.3,Male,147.9,114.7,52.4,41.9,81.3,50.6,38.94,7.02,466.5,384.0,7.43,1845.9,48.8,90.3,10,11,6,9,0.997,269,Rare Candidate
PAT-10551,43.0,Male,172.6,73.9,24.81,65.3,116.3,85.5,36.41,13.68,86.5,198.4,0.84,7760.8,308.3,98.2,3,2,0,1,0.1,6,General
PAT-10852,57.0,Male,160.4,80.7,31.35,82.6,175.0,90.2,37.22,16.24,161.4,212.3,1.11,8734.6,240.3,97.5,3,1,0,4,0.506,24,Metabolic
PAT-10489,62.2,Female,160.9,72.5,28.0,73.6,129.5,81.2,36.61,11.94,97.0,185.6,0.84,6429.1,312.9,98.5,2,1,1,1,0.195,11,General
PAT-10711,48.6,Male,176.4,74.7,24.01,68.4,156.9,105.2,36.89,12.31,218.0,217.5,1.26,6602.2,302.8,96.3,4,3,2,2,0.541,99,Metabolic
PAT-10148,26.2,Male,172.1,72.4,24.45,78.7,111.5,77.2,36.32,12.73,103.8,207.3,0.85,6949.1,257.7,99.0,1,0,0,0,0.465,18,General
PAT-10147,27.2,Female,182.5,64.4,19.34,74.8,119.7,82.1,37.1,12.93,114.2,190.8,0.98,7242.8,257.4,97.9,1,1,0,0,0.184,8,Metabolic
PAT-10778,57.7,Male,154.1,73.2,30.82,93.4,131.1,104.4,36.61,11.83,124.4,223.6,1.55,6891.2,324.9,97.5,6,1,0,1,0.481,5,Metabolic
PAT-11003,68.9,Male,185.5,58.9,17.11,135.7,217.0,116.6,38.91,20.3,500.3,407.4,8.23,35200.5,901.9,78.3,7,7,4,11,0.886,276,Renal
PAT-10854,72.2,Male,166.5,82.4,29.72,77.4,153.2,88.7,36.34,13.02,158.0,260.2,1.25,9580.0,232.6,95.9,4,2,2,2,0.517,13,Respiratory
PAT-10951,44.3,Male,188.5,89.9,25.28,47.3,78.8,46.9,40.09,6.79,484.2,438.2,6.33,2714.9,32.1,86.9,9,5,3,7,0.782,356,Hematological
PAT-10660,68.4,Female,161.2,100.8,38.79,99.6,169.1,100.4,36.74,12.76,119.9,197.4,1.32,10149.1,248.7,96.0,2,5,1,2,0.686,122,Metabolic
PAT-10349,33.4,Female,169.3,64.3,22.43,63.7,122.6,74.8,36.58,14.47,92.9,205.7,1.09,5183.3,269.1,98.1,1,0,2,0,0.108,8,General
PAT-10464,44.6,Female,168.2,66.3,23.44,74.0,117.2,70.5,36.06,14.22,97.6,224.8,0.85,6730.5,320.7,99.1,2,0,1,1,0.372,2,General
PAT-10326,27.4,Female,175.4,50.1,16.28,63.4,139.9,90.4,36.39,11.5,115.8,153.4,0.73,5894.2,335.0,97.9,1,1,0,0,0.403,13,Cardiovascular
PAT-10187,47.7,Female,168.9,63.6,22.27,60.2,117.6,83.2,36.42,13.31,103.7,200.5,0.91,8521.2,299.3,98.7,1,1,0,2,0.323,21,Metabolic
PAT-10124,25.2,Female,185.2,62.7,18.28,73.5,112.5,80.9,36.54,13.58,95.8,231.7,1.01,7040.8,222.0,100.0,0,2,0,1,0.424,3,General
PAT-10920,55.6,Male,159.1,125.0,49.39,89.8,144.0,99.6,37.28,14.66,131.9,254.6,1.16,7300.5,196.4,96.1,2,5,2,1,0.426,19,Metabolic
PAT-10609,58.6,Male,175.4,119.6,38.87,79.2,139.3,87.0,36.99,14.88,139.2,245.2,1.15,5600.8,207.6,94.6,1,1,2,2,0.555,17,Metabolic
PAT-10144,44.2,Female,171.0,73.9,25.28,66.4,114.4,87.8,36.71,14.53,100.9,189.3,0.75,7643.2,390.0,97.4,1,2,1,2,0.161,1,General
PAT-10752,46.7,Female,161.4,97.7,37.52,95.2,140.5,84.3,36.38,11.31,181.6,236.4,0.7,5231.3,165.3,96.3,3,2,2,5,0.491,5,Metabolic
PAT-11030,50.6,Male,171.0,80.6,27.57,135.1,219.6,118.4,40.56,20.42,415.8,523.3,5.03,36639.7,655.1,78.5,12,9,6,7,0.819,399,Renal
PAT-10198,43.8,Female,153.9,57.2,24.16,81.8,109.0,75.6,36.77,14.49,107.6,140.0,0.97,4200.0,257.0,98.8,1,0,0,2,0.419,23,General
PAT-10610,69.4,Male,160.2,105.1,40.97,85.3,136.3,93.4,37.06,11.28,163.2,255.3,1.37,9743.0,229.2,97.6,5,2,0,2,0.276,38,Cardiovascular
PAT-10280,37.4,Female,155.3,58.2,24.12,78.0,122.1,62.4,36.89,13.01,90.1,171.4,0.85,6648.2,347.5,98.6,3,2,1,0,0.432,18,General
PAT-10294,52.2,Male,165.2,73.4,26.91,66.6,115.3,89.6,36.72,15.64,130.0,164.1,0.92,6147.7,174.1,98.3,0,0,1,1,0.306,4,General
PAT-10897,48.7,Female,149.9,95.0,42.28,79.1,144.1,89.9,36.46,11.39,179.3,170.0,1.21,11209.8,232.9,96.4,1,1,1,1,0.216,9,Cardiovascular
PAT-10401,22.9,Male,179.7,73.7,22.82,63.9,124.3,90.3,36.76,13.53,109.3,158.8,1.07,6825.3,249.9,97.9,3,2,0,0,0.228,3,Metabolic
PAT-10123,58.8,Female,162.4,45.0,17.07,70.5,117.9,84.6,36.14,14.45,92.3,232.2,0.91,8127.5,296.6,97.4,1,4,1,0,0.604,5,General
PAT-10184,47.8,Male,175.7,77.4,25.07,64.8,110.8,74.6,36.37,13.7,94.7,187.4,0.97,6451.5,321.2,97.5,0,1,0,1,0.382,9,General
PAT-10203,55.0,Female,173.0,70.8,23.68,77.3,114.5,80.6,36.94,13.55,95.4,182.0,0.95,5546.2,348.5,98.8,1,1,0,1,0.142,6,Cardiovascular
PAT-10439,21.6,Male,158.6,60.7,24.14,78.4,119.4,75.0,35.88,13.24,105.3,140.0,0.97,7034.1,152.9,97.7,4,0,1,2,0.639,38,Cardiovascular
PAT-10247,36.3,Female,167.2,66.3,23.71,79.6,125.1,75.7,36.61,13.09,89.2,,0.86,4200.0,313.0,97.1,2,1,0,0,0.292,22,General
PAT-10416,33.0,Male,172.8,86.5,28.96,63.4,114.7,76.3,36.55,11.5,95.9,210.5,0.69,7957.7,237.5,98.3,1,0,2,2,0.086,6,General
PAT-10837,62.1,Male,167.9,61.9,21.96,82.2,129.6,93.9,36.73,14.37,228.3,194.5,1.14,8563.9,226.4,96.2,4,3,2,4,0.393,13,Cardiovascular
PAT-10825,55.6,Male,174.2,91.3,30.07,67.2,138.5,99.3,35.98,10.27,130.0,213.4,1.0,6279.5,304.2,97.4,1,3,2,5,0.734,5,Cardiovascular
PAT-10975,52.8,Male,167.9,113.9,40.39,46.7,86.6,49.9,39.8,4.2,468.6,515.9,6.01,2570.4,42.3,80.6,9,9,3,10,0.823,356,Rare Candidate
PAT-10828,56.3,Female,152.8,84.6,36.24,73.5,144.1,80.4,36.55,11.85,179.1,240.9,1.14,8904.5,218.3,99.3,1,2,1,3,0.577,13,Metabolic
PAT-10955,35.0,Male,175.1,98.3,32.04,46.8,80.6,50.8,39.84,6.94,441.3,508.2,4.67,2666.0,26.9,88.5,9,8,3,11,0.906,315,Rare Candidate
PAT-10130,36.0,Male,171.3,76.6,26.1,72.6,117.6,68.7,36.76,14.75,101.8,201.7,0.93,8980.1,312.0,98.7,1,0,1,2,0.333,2,General
PAT-10638,51.0,Female,152.0,85.0,36.81,66.7,136.4,82.1,36.75,14.56,110.9,224.8,1.34,6828.9,240.1,95.7,4,1,2,2,0.61,95,Metabolic
PAT-10403,42.1,Male,168.3,73.2,25.86,71.8,106.3,82.7,36.41,14.65,108.1,190.8,0.87,6719.3,234.9,97.0,1,2,0,2,0.251,1,Metabolic
PAT-10845,67.0,Male,175.7,92.5,29.95,87.1,162.6,81.3,36.44,13.85,108.7,247.4,1.14,7988.5,182.0,97.1,4,3,2,3,0.314,101,Respiratory
PAT-10831,63.3,Male,178.4,78.9,24.8,86.7,153.5,84.0,36.67,13.8,140.1,256.1,1.69,7209.1,249.6,97.1,1,3,2,2,0.547,24,Cardiovascular
PAT-10736,56.6,Male,152.5,74.0,31.81,70.6,120.8,110.0,36.27,13.26,98.1,184.9,1.29,7742.2,264.2,96.4,2,1,3,1,0.482,77,Cardiovascular
PAT-10982,72.6,Male,167.2,128.9,46.09,41.8,86.4,53.2,40.46,4.32,460.8,572.9,9.47,2149.4,32.5,78.0,10,7,3,8,0.919,265,Hematological
PAT-10220,43.0,Male,168.4,85.8,30.26,78.0,111.1,77.5,36.66,13.59,82.2,164.8,0.74,5693.4,310.5,98.6,1,0,1,2,0.163,6,General
PAT-10642,67.9,Female,164.2,105.3,39.06,91.9,144.9,91.3,37.02,13.39,168.0,176.1,1.26,8272.2,322.8,95.3,3,4,3,0,0.201,49,Cardiovascular
PAT-10984,41.0,Female,166.3,117.8,42.58,51.1,88.8,51.8,38.86,7.32,503.3,576.7,4.84,2558.5,21.8,85.6,9,10,3,9,0.971,367,Respiratory
PAT-10811,53.4,Male,171.6,74.0,25.15,95.6,167.8,85.2,36.91,11.1,180.1,248.4,1.36,7009.2,165.0,96.8,1,4,3,4,0.342,5,Cardiovascular
PAT-10868,68.3,Male,165.9,93.8,34.11,71.3,146.5,95.0,36.78,14.4,140.7,254.1,1.32,6090.4,240.7,95.1,1,3,1,4,0.388,5,Respiratory
PAT-10989,25.3,Female,172.6,89.6,30.1,130.3,199.0,128.5,39.47,19.05,335.8,514.6,5.41,32482.0,814.9,79.3,10,9,5,9,0.984,446,
PAT-10625,59.6,Female,167.8,96.3,34.21,67.9,132.6,79.3,36.19,11.18,162.9,258.9,1.25,8730.7,277.0,96.4,3,2,3,1,0.445,67,Metabolic
PAT-10904,69.1,Male,174.4,89.0,29.26,89.9,141.9,95.7,36.68,12.95,112.4,223.0,1.01,4500.0,302.3,96.9,1,1,4,1,0.482,5,Metabolic
PAT-10820,70.3,Male,165.2,67.5,24.71,83.1,150.6,90.0,36.55,11.38,182.6,235.9,1.27,8290.2,219.9,97.1,1,4,3,1,0.927,5,Metabolic
PAT-10387,46.1,Male,155.7,45.0,18.57,69.2,120.6,85.4,36.71,14.76,83.4,219.4,0.6,5976.2,245.5,96.3,3,1,0,0,0.049,10,General
PAT-11039,53.6,Female,166.3,65.5,23.69,131.5,221.7,121.9,39.3,20.92,506.6,427.0,5.28,30450.3,902.6,85.8,12,9,6,10,0.9,154,Rare Candidate
PAT-10807,82.9,Female,172.6,83.4,28.02,66.5,143.0,86.8,36.84,14.78,,251.1,0.91,4643.8,291.9,96.4,2,1,2,4,0.447,37,Metabolic
PAT-10510,32.0,Male,186.1,71.9,20.76,64.5,121.1,70.1,36.75,13.89,94.2,194.2,0.6,8268.7,267.6,97.8,1,1,1,0,0.084,36,General
PAT-10268,24.8,Female,171.4,76.1,25.92,63.2,138.5,76.7,36.84,16.2,105.1,152.6,0.95,6071.3,202.1,97.3,2,1,1,1,0.174,21,General
PAT-10882,54.4,Female,166.3,77.7,28.1,84.6,173.8,97.6,37.0,12.37,113.0,231.2,1.2,6736.3,252.5,96.5,1,1,2,2,0.357,180,Cardiovascular
PAT-10442,41.6,Female,158.1,53.4,21.39,71.6,121.4,77.8,36.13,13.92,108.0,174.2,0.95,6707.0,188.6,98.3,2,0,0,0,0.14,35,Metabolic
PAT-10497,29.6,Male,183.5,74.7,22.18,83.9,124.3,83.6,36.66,13.39,94.4,184.1,0.98,6131.9,163.1,98.0,2,0,0,2,0.265,2,General
PAT-10113,42.7,Female,176.2,72.3,23.29,85.9,126.3,75.8,36.64,15.58,111.5,222.3,0.89,6323.5,256.3,99.3,1,1,0,1,0.375,2,General
PAT-10692,74.7,Female,171.1,83.3,28.47,78.0,145.0,90.7,36.51,11.58,201.4,230.6,1.46,7868.7,269.1,98.0,3,2,0,0,0.452,38,Metabolic
PAT-10233,42.5,Male,160.5,62.5,24.28,65.3,97.6,91.6,37.18,12.2,105.7,185.6,0.73,9277.1,270.1,98.9,1,0,2,2,0.393,30,General
PAT-10936,39.2,Male,154.4,105.6,44.31,42.2,75.2,48.3,40.66,4.53,417.7,495.7,6.33,2725.8,38.5,86.4,9,8,6,9,0.879,411,Respiratory
PAT-10608,58.5,Female,166.2,76.9,27.86,84.0,145.0,90.6,36.96,15.03,95.7,205.4,0.98,6812.8,238.6,96.6,2,4,3,6,0.415,102,Cardiovascular
PAT-10672,60.0,Male,183.3,85.1,25.33,89.4,155.5,83.1,36.9,12.88,145.3,262.6,1.3,7989.2,300.0,97.9,1,2,1,1,0.427,77,Cardiovascular
PAT-10374,53.5,Male,169.7,76.0,26.41,74.3,115.4,79.7,37.1,13.43,109.4,140.0,0.91,5030.6,306.0,99.4,2,1,1,0,0.305,1,Cardiovascular
PAT-10664,58.8,Female,161.2,55.0,21.16,87.8,159.9,76.8,36.87,13.46,137.1,193.5,1.35,8991.6,269.8,96.1,1,1,2,0,0.455,17,Metabolic
PAT-10909,56.1,Male,153.2,88.1,37.55,77.7,139.7,76.1,37.27,10.21,90.0,209.1,1.47,6534.5,298.8,95.7,4,4,1,2,0.425,19,Cardiovascular
PAT-10234,34.2,Female,187.3,72.3,20.62,70.9,98.8,83.3,36.37,13.54,81.5,192.1,1.14,6989.7,172.4,98.8,1,2,1,3,0.116,11,General
PAT-11015,40.6,Female,155.8,89.3,36.8,153.5,195.3,131.5,40.6,18.51,508.1,406.3,8.02,37985.9,723.7,81.2,7,7,4,10,0.838,193,Rare Candidate
PAT-10846,69.7,Male,177.3,104.8,33.35,94.2,130.6,78.9,36.59,12.2,143.4,293.8,1.44,8507.0,206.1,99.0,2,1,0,0,0.466,23,Metabolic
PAT-10677,68.1,Male,164.6,100.6,37.13,99.6,123.0,92.4,36.21,14.63,172.1,213.4,1.14,6455.1,206.5,98.6,2,2,1,1,0.288,64,Respiratory
PAT-10318,38.3,Female,161.2,67.0,25.78,86.3,117.4,64.7,36.56,13.39,89.6,183.0,0.85,5778.9,266.4,99.0,1,4,2,0,0.064,47,General
PAT-10649,58.8,Male,159.6,67.7,26.57,74.6,143.7,91.3,36.2,14.61,154.0,195.7,0.84,9600.6,165.3,98.4,2,4,2,2,0.425,5,Respiratory
PAT-10411,50.5,Female,155.9,48.7,20.05,65.3,108.0,76.9,36.51,15.31,90.1,194.0,0.82,8535.9,248.1,99.0,1,2,0,0,0.605,5,Metabolic
PAT-10966,54.5,Male,171.3,118.1,40.22,39.8,90.5,50.5,39.04,5.87,490.0,418.6,4.87,2278.7,16.8,88.8,9,8,3,12,0.933,393,Rare Candidate
PAT-10710,49.5,Female,172.0,106.4,35.94,80.2,147.5,81.0,36.82,11.8,113.9,221.5,0.7,5197.8,289.9,97.9,5,6,3,1,0.448,14,Metabolic
PAT-10359,45.9,Female,176.5,76.7,24.62,73.5,124.9,79.4,37.09,13.26,92.3,201.3,1.1,7016.4,191.9,99.5,2,0,0,1,0.111,13,Cardiovascular
PAT-10259,47.3,Female,162.2,82.9,31.53,79.5,115.8,88.2,36.58,15.8,91.9,194.5,0.94,7621.3,260.8,97.2,1,0,0,3,0.192,7,General
PAT-10745,66.1,Female,175.9,83.5,26.99,74.9,141.2,88.3,36.47,13.21,176.4,194.9,1.21,7698.1,230.8,97.3,1,3,2,5,0.386,14,Metabolic
PAT-10628,53.2,Male,161.8,80.1,30.61,97.7,137.2,89.7,36.75,11.69,156.5,197.8,0.95,7498.9,259.2,96.2,2,3,0,1,0.318,17,Metabolic
PAT-10633,68.0,Female,184.8,83.9,24.56,86.7,143.6,87.5,36.97,10.89,216.8,233.3,1.51,8762.4,325.2,97.4,3,4,2,0,0.359,47,Cardiovascular
PAT-10283,61.0,Male,161.4,67.3,25.84,71.1,128.7,71.9,36.59,14.8,93.5,189.4,0.84,6349.2,307.7,98.0,0,1,0,0,0.19,4,Metabolic
PAT-10377,52.5,Female,169.1,60.5,21.18,82.6,101.3,73.1,36.92,13.32,93.8,182.9,0.72,7306.9,219.1,98.0,2,2,2,0,0.066,13,Metabolic
PAT-10385,32.9,Female,166.4,94.9,34.25,63.3,124.5,73.8,36.79,13.99,104.8,179.7,1.22,4268.2,355.0,99.9,2,4,0,0,0.183,1,Metabolic
PAT-10225,36.3,Female,156.8,67.0,27.27,69.5,99.1,79.5,37.01,15.02,96.0,140.0,0.69,7873.1,280.5,95.9,1,0,0,0,0.698,9,Cardiovascular
PAT-11027,81.9,Male,156.3,84.1,34.4,150.6,198.9,129.4,40.56,19.17,444.3,506.6,8.81,50103.0,945.8,78.4,8,11,4,7,0.848,395,Hematological
PAT-10877,72.1,Female,161.1,104.8,40.35,64.6,142.7,108.0,36.27,14.32,134.7,299.7,0.98,8306.4,140.0,96.5,3,4,2,1,0.454,22,Metabolic
PAT-10473,23.8,Female,179.6,60.8,18.84,66.0,115.2,77.6,36.68,12.34,88.8,184.3,1.02,6793.9,191.3,98.2,1,2,0,0,0.148,33,General
PAT-10348,25.1,Male,181.4,75.1,22.82,85.1,120.8,77.8,36.87,13.16,82.1,182.0,0.88,6253.8,207.3,97.8,2,1,2,1,0.11,1,
PAT-10506,36.2,Male,191.0,83.5,22.87,70.1,116.3,86.1,36.51,13.93,114.1,192.0,0.76,6161.7,223.0,98.5,0,0,0,1,0.317,15,Metabolic
PAT-10640,79.0,Male,167.8,94.9,33.71,80.9,154.3,87.5,36.86,15.25,212.0,175.4,1.38,6011.8,232.8,96.6,3,6,3,1,0.15,17,Metabolic
PAT-11046,73.9,Male,179.2,109.0,33.94,144.7,220.1,133.7,40.66,20.61,336.8,559.9,3.79,32806.2,746.3,82.0,12,6,4,12,0.919,266,
PAT-10798,47.6,Male,175.7,83.6,27.1,72.6,149.8,96.1,36.54,12.19,90.0,272.0,0.89,4500.0,189.0,95.5,2,1,1,4,0.454,64,Cardiovascular
PAT-11000,82.2,Male,180.5,98.5,30.22,130.9,190.3,133.7,39.32,20.16,510.0,534.2,9.36,49530.1,672.1,85.8,7,11,5,11,0.814,135,Rare Candidate
PAT-10974,31.0,Female,156.4,109.3,44.72,45.5,84.3,54.2,39.52,4.48,431.9,367.5,3.77,2003.4,37.4,80.8,7,10,4,9,0.885,394,Hematological
PAT-10620,55.5,Male,172.8,71.8,24.06,79.0,133.9,94.3,36.72,13.15,92.5,294.4,0.7,8363.3,232.8,97.4,3,5,4,3,0.629,9,Cardiovascular
PAT-10953,69.7,Female,181.5,130.5,39.61,51.2,77.1,48.1,38.85,7.07,379.0,502.4,5.14,1740.3,26.8,83.6,9,8,6,5,0.917,191,Renal
PAT-10865,57.6,Female,167.8,86.5,30.75,93.4,145.3,88.0,37.05,13.3,177.0,267.4,1.44,9813.3,252.0,96.9,3,4,1,1,0.578,5,Metabolic
PAT-10646,57.4,Male,168.6,103.0,36.22,95.8,145.7,97.4,36.59,16.45,150.9,247.5,1.08,7453.4,140.0,96.6,1,2,1,1,0.112,5,Cardiovascular
PAT-10913,68.4,Male,157.0,55.0,22.32,82.3,127.8,95.6,36.53,12.74,107.3,187.0,1.1,10465.6,199.7,97.2,4,1,2,3,0.414,47,Metabolic
PAT-10557,50.0,Female,164.6,90.5,33.43,67.7,159.2,97.2,36.8,13.61,149.9,244.4,1.09,8040.0,331.2,97.6,5,2,3,5,0.502,55,Metabolic
PAT-10682,71.8,Male,155.4,87.0,36.06,95.8,175.0,89.2,37.12,13.14,199.5,248.8,0.94,8969.6,178.6,97.9,1,4,1,3,0.285,33,Cardiovascular
PAT-10578,70.7,Female,156.1,104.0,42.68,79.1,159.4,89.8,36.48,11.78,121.1,212.4,1.03,6707.2,255.5,96.2,2,3,2,2,0.155,9,Metabolic
PAT-10796,63.4,Female,174.3,90.2,29.69,85.5,115.0,96.2,36.4,12.61,122.9,210.4,1.25,7469.8,244.3,96.5,2,3,1,1,0.341,36,Metabolic
PAT-10086,36.0,Female,172.3,83.0,27.95,74.1,111.2,76.7,36.39,12.71,100.2,155.4,1.05,7955.0,254.8,97.2,0,2,2,1,0.159,18,Cardiovascular
PAT-10243,48.1,Female,176.7,51.9,16.64,78.0,121.4,82.2,37.09,15.16,82.6,188.6,0.77,8780.7,239.5,97.7,0,2,0,0,0.32,1,Cardiovascular
PAT-10699,51.8,Female,168.6,75.0,26.39,76.0,163.6,92.1,36.75,12.2,96.1,210.7,1.3,7188.2,249.0,96.9,2,5,1,0,0.252,11,Cardiovascular
PAT-10941,45.4,Female,168.8,124.3,43.62,42.4,88.5,50.3,38.94,5.68,348.4,508.1,5.76,1538.3,33.8,78.3,14,9,3,6,0.759,263,Rare Candidate
PAT-10160,49.9,Male,168.1,72.2,25.52,73.9,111.7,67.9,36.57,14.63,75.8,194.8,0.82,6972.0,215.1,97.8,0,3,2,1,0.149,1,Metabolic
PAT-10525,32.8,Female,157.7,73.2,29.42,77.7,106.8,81.0,37.23,12.1,79.0,190.0,1.05,7961.4,273.8,98.5,1,0,0,0,0.434,4,Metabolic
PAT-10036,27.3,Male,162.8,69.6,26.24,79.7,127.3,70.5,36.48,14.23,102.2,162.3,0.66,8415.3,240.5,98.2,1,0,0,1,0.2,19,General
PAT-10541,52.0,Male,185.0,70.0,20.46,87.6,128.9,79.9,36.28,11.5,84.8,178.9,0.79,6338.7,223.9,97.8,1,2,2,0,0.34,15,General
PAT-10171,31.3,Male,161.8,83.3,31.81,79.4,123.9,86.7,36.89,12.89,103.6,219.7,0.9,7996.5,275.1,98.1,1,1,2,0,0.571,13,General
PAT-10655,52.8,Female,172.1,86.9,29.34,74.4,148.2,79.4,36.48,13.82,134.1,201.0,0.86,7361.1,228.5,96.3,2,4,0,1,0.436,117,
PAT-10971,63.4,Female,177.9,112.0,35.37,39.2,87.0,54.4,39.14,4.89,355.1,486.9,9.53,1770.9,24.6,83.2,13,8,4,12,0.817,166,Renal
PAT-10924,71.7,Male,164.7,87.0,32.06,73.7,150.4,96.6,36.82,16.5,91.2,241.5,1.02,6451.8,242.6,98.3,2,3,2,1,0.403,25,Metabolic
PAT-10914,66.1,Female,163.0,85.7,32.27,88.2,154.2,97.1,36.73,12.86,176.8,236.1,0.89,6722.2,224.2,96.7,1,2,1,2,0.485,8,Respiratory
PAT-11016,37.6,Male,167.2,70.5,25.22,143.8,208.3,118.2,39.5,19.13,390.2,373.6,4.68,36224.2,655.6,78.9,14,11,4,6,0.889,242,Rare Candidate
PAT-10734,54.9,Male,176.0,60.8,19.65,98.1,139.4,82.4,36.61,12.8,105.4,260.8,1.19,5284.6,271.3,97.0,1,4,2,1,0.814,26,Cardiovascular
PAT-10096,24.4,Male,164.9,65.2,23.97,78.7,125.6,72.3,36.75,15.13,101.0,196.5,1.06,7031.2,276.2,98.3,2,0,0,2,0.53,24,General
PAT-10564,54.3,Male,159.6,107.9,42.34,78.9,128.5,105.5,36.15,11.55,103.7,222.1,1.27,6451.5,251.7,95.0,4,5,2,2,0.649,109,Metabolic
PAT-10241,32.5,Female,168.4,53.1,18.73,81.1,116.1,78.8,35.98,15.73,99.8,224.5,0.83,9362.7,288.6,100.0,1,0,1,0,0.27,11,Metabolic
PAT-10743,69.4,Male,158.2,67.3,26.88,62.0,134.0,75.3,37.11,14.42,94.8,241.5,1.03,8991.4,175.6,97.6,3,1,1,1,0.307,14,Cardiovascular
PAT-10864,51.2,Male,170.2,81.5,28.15,80.7,137.1,83.9,36.53,15.24,184.9,234.3,1.16,9594.0,280.9,94.9,1,4,3,2,0.258,8,Metabolic
PAT-10575,64.4,Female,168.4,104.5,36.82,89.3,149.0,86.3,36.27,12.79,160.9,309.1,1.14,5934.8,222.6,94.5,1,4,2,1,0.581,131,Cardiovascular
PAT-10691,69.6,Female,163.8,115.8,43.16,92.9,143.9,90.5,36.77,16.5,152.4,215.4,1.7,6389.2,266.4,95.7,3,4,1,1,0.396,8,Cardiovascular
PAT-10461,65.6,Female,163.2,61.9,23.23,67.1,124.5,80.2,37.16,14.22,97.4,169.6,0.68,5117.2,287.4,98.2,0,0,0,0,0.483,12,Metabolic
PAT-10554,45.1,Female,145.0,56.3,26.79,62.8,124.3,66.2,36.46,12.71,71.3,190.0,0.94,6612.2,291.7,98.7,1,1,1,0,0.305,17,General
PAT-10858,38.4,Female,166.1,89.2,32.32,64.0,130.5,103.3,36.49,10.98,181.2,261.0,1.46,6578.2,188.2,98.7,1,2,2,1,0.244,39,Cardiovascular
PAT-10945,65.4,Male,170.4,101.3,34.89,41.0,77.7,53.4,40.1,6.12,340.1,478.9,5.82,2002.9,41.1,80.2,8,10,6,12,0.759,252,Hematological
PAT-10207,48.2,Female,162.6,81.7,30.91,82.4,132.2,76.7,36.61,13.74,80.9,232.9,1.14,6976.8,308.4,98.1,3,0,0,2,0.464,11,General
PAT-10393,26.2,Male,162.5,64.4,24.38,70.9,126.1,85.6,36.45,14.93,90.1,217.6,1.11,8901.1,204.4,97.3,1,0,0,1,0.087,1,Metabolic
PAT-10795,74.8,Male,169.9,79.5,27.53,65.1,135.5,87.7,37.08,14.54,145.7,218.2,0.93,6549.3,275.4,99.4,1,4,3,0,0.17,25,Metabolic
PAT-10871,61.2,Male,165.8,74.4,27.06,82.0,132.2,98.4,36.94,13.03,138.6,170.0,1.23,7044.7,324.2,96.9,5,2,4,3,0.444,6,Metabolic
PAT-10398,58.2,Female,162.5,75.6,28.62,68.5,99.5,76.6,36.38,13.67,85.7,207.1,0.84,5939.4,268.8,99.4,0,2,0,3,0.52,1,Metabolic
PAT-10767,59.3,Female,156.4,67.2,27.45,91.4,148.1,98.5,36.49,12.37,167.3,221.7,1.02,5809.0,289.1,96.7,2,1,1,2,0.435,60,Cardiovascular
PAT-10915,47.7,Female,172.9,91.4,30.57,75.9,150.0,101.3,36.35,13.76,206.2,272.8,0.77,10178.6,215.0,95.4,1,2,1,1,0.564,113,Metabolic
PAT-10218,39.2,Female,172.9,81.4,27.24,88.4,116.9,74.8,36.63,15.04,96.6,207.7,1.09,5009.0,212.4,98.0,3,2,1,1,0.363,1,General
PAT-10005,39.2,Male,169.9,62.8,21.75,61.6,125.1,73.4,36.7,13.75,96.8,213.1,1.15,7494.7,246.1,99.3,1,0,0,1,0.31,11,General
PAT-10769,68.0,Female,172.7,61.3,20.54,72.0,120.1,93.1,36.79,12.38,126.9,244.4,1.69,6795.9,299.8,97.4,3,4,2,4,0.09,99,Cardiovascular
PAT-10643,71.5,Female,167.8,70.7,25.12,88.3,139.3,79.9,37.07,13.09,113.4,260.4,1.29,8231.1,250.7,95.7,1,1,2,0,0.414,101,Cardiovascular
PAT-10965,65.6,Female,162.0,83.1,31.68,43.9,84.2,50.4,38.97,4.83,350.3,470.2,8.08,1714.2,29.6,80.1,14,10,4,8,0.999,259,Respiratory
PAT-10613,60.9,Female,168.2,65.2,23.05,80.2,143.7,75.8,36.85,14.1,129.4,274.0,1.31,8489.0,321.4,96.6,4,2,1,2,0.448,5,Cardiovascular
PAT-10739,84.9,Male,165.0,113.4,41.64,95.8,133.6,88.7,36.7,13.32,162.4,198.0,1.12,8036.2,210.4,96.0,2,2,1,1,0.706,43,Metabolic
PAT-10547,48.9,Female,170.9,63.9,21.88,88.5,104.6,86.6,36.31,15.16,88.7,224.2,0.6,5153.5,309.6,95.6,0,1,0,3,0.583,9,Cardiovascular
PAT-10726,51.0,Male,179.4,56.9,17.69,88.3,141.4,106.1,37.28,13.01,139.2,170.0,1.22,8394.7,312.0,95.8,4,1,1,2,0.092,35,Cardiovascular
PAT-10986,83.2,Female,180.3,91.0,27.99,45.7,75.2,50.9,40.34,7.09,381.8,557.5,9.03,2646.5,38.0,89.1,9,8,6,10,0.782,298,Rare Candidate
PAT-10684,38.2,Male,169.2,76.7,26.79,103.2,143.6,90.2,36.61,13.63,155.4,240.1,1.03,7345.9,221.6,97.2,4,4,2,2,0.449,150,Cardiovascular
PAT-10099,42.1,Female,171.4,94.8,32.24,90.2,122.4,80.0,36.49,14.79,93.5,202.6,0.99,6014.6,241.3,97.9,0,1,0,0,0.385,4,General
PAT-10805,49.2,Male,170.5,81.0,27.85,75.1,126.6,87.2,36.78,13.17,159.0,273.9,0.7,6850.3,296.9,99.5,1,3,0,6,0.661,105,Respiratory
PAT-10728,44.6,Female,187.7,82.7,23.46,82.0,156.9,83.7,36.84,12.82,237.0,238.7,1.33,10895.7,243.2,97.5,3,3,0,3,0.634,134,Cardiovascular
PAT-10574,76.1,Female,158.4,93.1,37.12,75.3,129.7,86.7,36.68,15.73,111.8,206.6,1.21,9767.1,182.2,96.2,4,1,2,2,0.171,8,Cardiovascular
PAT-10407,29.2,Male,186.1,74.5,21.51,78.6,137.3,69.9,36.52,16.83,110.5,175.1,1.04,7097.0,315.3,98.0,2,0,0,0,0.412,1,General
PAT-10503,25.2,Female,154.3,63.7,26.77,69.1,128.4,77.2,36.57,14.93,111.4,221.3,0.63,5411.7,258.7,97.5,2,0,0,0,0.315,1,Metabolic
PAT-10048,54.7,Male,173.8,65.6,21.71,74.4,134.3,66.9,36.65,13.84,110.9,189.5,1.04,6236.3,288.1,97.6,1,1,1,0,0.154,18,Metabolic
PAT-10033,41.8,Female,165.1,73.5,26.97,64.6,126.8,70.3,36.65,16.34,74.7,179.0,0.87,7622.3,319.1,97.4,4,0,0,0,0.058,5,Cardiovascular
PAT-10780,63.9,Male,157.0,63.8,25.88,75.1,137.2,94.5,37.08,10.73,207.7,270.7,0.89,9042.9,241.1,96.7,3,2,0,1,0.59,86,Metabolic
PAT-10840,73.2,Male,162.9,97.8,36.84,75.5,148.4,82.2,37.33,13.78,131.0,316.9,1.06,9893.8,221.0,97.2,1,2,1,2,0.591,6,Cardiovascular
PAT-10201,46.3,Male,159.2,68.7,27.14,67.4,113.9,79.2,36.57,12.89,103.9,199.8,0.84,5830.9,225.1,98.4,4,1,0,0,0.541,6,General
PAT-10135,31.0,Female,177.9,89.4,28.23,59.1,108.0,69.8,36.81,12.07,,185.7,1.25,7799.8,260.6,98.8,0,0,0,0,0.235,7,General
PAT-10028,46.5,Male,161.8,76.2,29.1,80.3,100.4,77.8,36.25,14.75,80.4,184.5,0.72,5903.1,253.3,98.3,1,1,1,0,0.192,10,General
PAT-10947,61.3,Female,168.0,108.6,38.51,42.3,79.8,54.8,39.42,6.16,478.3,542.3,6.17,2010.3,18.7,81.9,10,6,5,6,0.751,149,Rare Candidate
PAT-10231,33.2,Female,161.9,70.5,26.89,74.0,122.9,81.1,36.77,13.06,93.6,226.2,1.24,7215.3,239.7,97.8,0,0,0,1,0.16,23,General
PAT-10490,52.6,Male,173.8,64.1,21.21,83.8,109.8,83.0,36.14,15.01,108.9,140.0,0.71,7285.8,233.7,98.2,2,0,1,2,0.189,7,General
PAT-10773,81.7,Male,158.8,79.7,31.58,65.8,115.0,86.6,37.0,15.62,112.3,298.7,1.41,7916.0,324.3,94.9,1,1,2,2,0.385,5,Metabolic
PAT-10379,68.3,Female,178.8,68.0,21.27,67.7,121.9,90.7,36.57,12.61,104.0,245.0,1.3,6359.4,232.2,98.1,1,0,0,0,0.179,38,General
PAT-10289,45.4,Female,178.9,68.8,21.5,76.8,114.0,76.0,36.88,14.66,101.2,214.3,1.11,5091.3,202.1,97.2,2,1,0,1,0.201,1,General
PAT-10419,56.2,Male,177.0,82.7,26.4,78.4,137.5,69.8,36.55,15.95,107.3,142.4,0.61,4647.0,150.0,97.9,4,0,1,0,0.131,2,General
PAT-10675,54.8,Male,163.7,81.6,30.45,94.9,127.9,90.3,36.12,14.25,177.2,262.3,1.17,6915.8,202.2,98.2,2,3,1,3,0.547,5,Metabolic
PAT-10392,47.9,Female,177.4,76.0,24.15,80.9,117.9,69.1,36.57,12.61,81.4,184.2,1.0,9872.6,246.2,98.1,2,0,0,3,0.068,10,General
PAT-10593,66.0,Female,162.4,104.4,39.55,67.6,162.1,95.2,36.29,11.34,166.5,268.1,1.25,8522.1,261.6,96.1,3,2,1,3,0.723,15,Metabolic
PAT-10499,31.5,Male,170.0,69.7,24.11,73.7,112.9,84.4,36.67,15.77,95.7,209.9,0.91,8164.9,234.7,98.4,3,0,0,1,0.457,45,General
PAT-10139,51.8,Male,182.7,82.0,24.56,58.2,112.3,82.2,36.48,14.73,73.5,191.9,1.06,5936.0,209.8,98.0,1,2,0,1,0.552,21,General
PAT-10063,28.7,Male,181.3,62.2,18.94,71.0,111.8,82.0,36.48,13.0,89.6,239.0,0.69,5744.0,261.5,99.0,1,0,0,1,0.042,22,General
PAT-10472,18.0,Female,171.4,60.8,20.7,70.7,136.6,82.9,36.73,14.52,89.0,181.2,1.04,6167.1,346.3,96.6,1,2,2,3,0.065,8,General
PAT-10648,57.1,Male,157.9,89.3,35.81,98.8,135.5,92.9,37.09,13.6,165.7,212.4,1.11,8882.9,198.2,95.5,3,6,0,0,0.622,52,Cardiovascular
PAT-10129,43.2,Male,169.4,80.1,27.92,80.0,117.4,83.5,36.58,13.83,93.6,240.9,0.81,6145.9,202.8,97.4,1,0,2,0,0.121,3,Metabolic
PAT-11041,40.4,Male,178.3,112.9,35.5,132.3,222.4,122.6,40.78,19.58,413.2,516.6,5.29,50149.8,845.9,79.9,12,5,5,8,0.791,368,Hematological
PAT-10521,22.0,Male,174.3,80.2,26.41,78.8,119.0,68.2,36.42,15.16,105.1,221.1,1.04,6814.6,254.2,98.9,1,2,1,0,0.32,6,Cardiovascular
PAT-10839,46.1,Female,165.0,87.2,32.03,85.9,175.0,89.3,36.68,12.28,113.4,204.2,1.22,7166.6,209.9,94.3,2,3,0,1,0.348,22,Cardiovascular
PAT-11032,56.2,Female,170.3,66.1,22.8,144.2,187.2,131.9,38.83,20.74,370.6,374.8,4.47,32032.5,711.9,81.5,7,6,5,6,0.968,398,Renal
PAT-10065,51.8,Male,162.4,64.2,24.35,84.3,125.0,72.7,36.48,15.29,79.5,192.1,1.03,6541.1,273.9,98.6,2,3,0,0,0.174,11,General
PAT-10813,48.3,Male,171.5,92.4,31.42,88.2,127.5,76.8,36.23,16.5,133.8,232.6,1.14,7486.8,214.2,97.7,3,5,1,1,0.569,5,Cardiovascular
PAT-10015,21.3,Male,180.6,67.3,20.63,71.4,126.0,68.1,36.9,13.36,86.8,192.7,0.78,7136.1,290.4,97.4,2,0,0,1,0.197,3,Metabolic
PAT-10157,64.4,Male,166.6,58.0,20.88,73.0,119.0,80.7,36.9,15.14,94.3,165.5,0.78,7658.2,248.4,98.3,0,0,1,0,0.209,27,Metabolic
PAT-10041,50.9,Female,168.3,72.4,25.55,71.2,127.6,68.0,36.55,11.96,102.7,164.1,0.93,8570.1,240.4,97.5,2,1,1,0,0.67,26,Cardiovascular
PAT-10493,42.9,Female,160.0,75.7,29.57,63.4,128.5,83.2,36.75,12.67,75.4,202.6,0.72,8348.6,231.2,98.9,1,1,1,0,0.014,18,General
PAT-10380,32.3,Male,166.6,64.3,23.19,63.0,124.5,86.0,36.48,13.67,102.9,183.5,0.74,7145.1,199.3,98.2,1,1,2,0,0.274,10,Cardiovascular
PAT-10188,41.1,Male,167.4,79.7,28.43,68.6,117.0,78.8,35.88,15.38,,195.5,0.67,7141.7,263.5,98.9,1,0,1,0,0.252,23,General
PAT-10764,47.6,Female,173.3,100.0,33.3,91.7,123.7,93.2,36.86,15.32,190.3,296.3,0.91,6583.3,244.2,97.2,4,2,3,5,0.769,28,Respiratory
PAT-10217,32.7,Female,169.1,68.4,23.9,71.4,124.1,70.2,36.7,12.67,83.1,170.4,0.9,4918.4,222.9,99.8,2,0,0,2,0.224,19,General
PAT-10922,65.2,Male,169.4,92.5,32.21,94.2,165.6,91.1,36.93,14.49,177.3,178.1,0.91,6304.1,250.8,96.8,6,5,1,1,0.538,5,Cardiovascular
PAT-10792,67.6,Male,168.3,92.5,32.64,76.8,115.0,84.4,35.9,14.49,172.3,278.3,1.66,6685.8,223.8,96.3,2,2,1,1,0.607,40,Cardiovascular
PAT-10053,33.9,Female,170.0,75.2,26.03,61.2,123.9,80.2,36.8,14.5,107.8,227.9,0.85,7104.5,286.7,97.8,0,2,0,2,0.311,32,General
PAT-10879,59.8,Female,148.6,75.9,34.38,96.5,157.3,99.8,36.59,14.45,180.5,225.6,1.14,10166.1,346.2,98.5,3,3,4,1,0.572,5,Metabolic
PAT-10338,38.1,Male,172.4,67.5,22.71,65.8,110.4,77.0,36.67,14.16,88.9,163.9,0.9,7108.1,219.0,98.7,1,2,0,0,0.408,2,General
PAT-10749,68.0,Female,154.8,58.9,24.57,75.6,137.4,92.6,36.84,12.93,197.4,178.2,1.38,8433.6,194.3,94.5,1,3,1,1,0.501,39,Cardiovascular
PAT-10720,38.4,Female,155.5,87.3,36.12,78.6,156.5,90.7,36.38,14.32,149.0,257.6,1.04,7409.8,236.7,96.8,2,5,1,3,0.6,142,Respiratory
PAT-10725,66.2,Male,157.8,83.1,33.36,71.5,141.9,94.0,36.59,14.47,104.3,170.0,1.32,7669.3,209.4,97.6,3,7,1,0,0.669,5,Metabolic
PAT-10296,33.7,Male,166.6,74.3,26.77,82.3,118.1,77.7,36.65,13.92,81.4,200.0,1.05,9000.7,348.8,97.0,2,3,0,1,0.157,4,General
PAT-10702,51.0,Male,169.8,93.7,32.51,92.7,126.0,81.0,37.01,12.19,217.8,280.0,1.18,5714.8,188.2,97.3,4,2,1,0,0.536,9,Cardiovascular
PAT-10252,53.0,Male,163.0,71.4,26.86,82.8,122.9,74.6,36.41,16.09,101.2,223.3,1.18,7188.8,292.6,98.6,2,0,0,1,0.173,21,General
PAT-10727,59.9,Female,169.8,92.4,32.06,84.6,140.8,102.0,37.01,13.72,214.3,245.9,1.14,5997.1,248.3,97.7,3,6,2,3,0.536,66,Cardiovascular
PAT-10462,42.4,Male,173.3,68.3,22.74,78.3,101.3,79.9,36.46,13.13,94.9,198.0,0.7,9309.3,258.2,100.0,1,0,0,1,0.173,7,Cardiovascular
PAT-10456,32.5,Male,178.6,82.8,25.98,90.7,130.7,65.5,36.44,14.47,101.5,167.2,1.13,8371.3,211.6,97.8,2,1,0,0,0.034,18,Metabolic
PAT-10271,59.3,Female,183.1,64.2,19.16,69.0,121.0,78.3,36.37,14.43,76.0,158.3,1.1,8647.0,218.8,99.1,2,0,0,0,0.27,13,General
PAT-10816,52.3,Male,157.8,92.8,37.29,93.5,143.1,88.9,36.42,14.16,160.3,290.0,1.13,6983.7,237.9,96.9,4,4,0,3,0.347,16,Cardiovascular
PAT-10863,64.1,Male,161.2,105.7,40.67,83.6,133.8,85.8,36.75,13.12,123.1,260.4,1.23,8897.7,298.4,95.0,6,3,3,3,0.815,49,Cardiovascular
PAT-10270,43.6,Male,157.1,80.7,32.71,82.9,126.7,77.5,36.5,15.11,100.4,177.6,0.76,8479.1,323.9,97.3,2,1,0,0,0.073,18,General
PAT-11024,33.0,Female,156.2,52.3,21.42,157.8,221.7,131.1,39.94,21.35,391.0,480.6,8.81,42973.6,702.0,87.0,12,6,6,6,0.972,366,Rare Candidate
PAT-10202,48.7,Female,166.0,68.0,24.67,78.2,114.6,77.4,36.53,15.36,92.5,186.2,0.7,6531.8,321.6,97.5,0,2,0,2,0.405,19,General
PAT-10162,51.4,Male,155.0,75.9,31.56,76.9,114.5,69.9,36.76,15.61,80.2,190.4,0.91,5689.5,240.0,99.2,0,3,0,1,0.581,35,Metabolic
PAT-10556,71.3,Male,166.9,70.0,25.15,89.8,148.8,82.7,36.8,13.01,128.4,210.9,1.24,9326.6,347.1,96.7,3,2,2,0,0.522,11,Cardiovascular
PAT-10730,71.5,Male,167.7,86.7,30.85,75.1,126.1,98.4,36.72,12.57,139.7,252.1,1.48,7022.1,272.9,96.4,2,6,0,2,0.602,5,Metabolic
PAT-10402,34.8,Male,182.1,65.3,19.7,80.5,132.0,78.0,36.46,14.85,85.2,183.4,1.09,5442.7,273.3,99.8,0,0,0,1,0.574,13,General
PAT-10703,64.6,Male,150.2,64.0,28.36,95.3,167.2,91.6,37.24,10.95,124.4,264.2,1.09,6433.9,277.5,95.7,1,3,3,1,0.175,38,Respiratory
PAT-10477,48.9,Male,166.1,66.8,24.22,74.3,118.6,85.2,36.42,15.0,82.4,201.3,0.6,7657.7,319.1,97.4,2,1,0,1,0.396,26,General
PAT-10822,75.4,Male,159.4,90.9,35.78,73.5,147.4,94.9,36.83,14.11,,170.0,0.98,8378.5,185.3,97.0,4,4,3,5,0.385,16,Cardiovascular
PAT-10772,57.0,Female,173.0,96.3,32.15,83.6,165.1,93.1,36.44,12.23,143.8,220.8,1.07,9065.4,275.1,97.2,2,3,0,0,0.581,5,Cardiovascular
PAT-10106,46.8,Male,167.7,75.1,26.73,77.9,118.5,80.2,36.36,14.87,112.4,174.6,0.77,7348.7,290.9,98.7,1,3,1,0,0.068,15,Metabolic
PAT-10566,54.4,Female,162.5,96.3,36.46,91.6,135.3,88.7,36.76,12.36,167.4,295.9,1.7,8821.9,232.4,96.1,1,2,1,0,0.488,7,Metabolic
PAT-10390,35.1,Female,166.1,93.5,33.88,67.9,121.7,81.6,35.81,13.68,,181.0,1.07,5256.8,288.0,97.4,0,0,0,3,0.151,56,Metabolic
PAT-10002,40.3,Female,175.9,91.3,29.5,73.4,129.0,85.7,37.21,12.28,74.8,160.5,0.6,6750.4,316.0,97.9,2,1,0,0,0.63,31,General
PAT-11009,48.8,Male,171.4,50.2,17.08,157.2,223.6,130.1,39.57,19.86,476.0,555.6,8.29,37393.6,744.8,86.4,9,5,6,12,0.89,378,Renal
PAT-11044,26.9,Male,165.9,126.7,46.0,136.4,224.8,134.4,39.14,21.81,467.9,440.8,7.07,41735.8,847.0,82.6,7,8,4,6,0.978,414,Rare Candidate
PAT-10562,68.9,Female,169.4,89.4,31.18,85.6,131.1,97.8,36.56,15.96,144.6,258.4,1.41,7480.4,335.8,97.4,3,6,2,3,0.524,133,Metabolic
PAT-10932,26.2,Male,173.7,108.2,35.83,48.2,75.4,49.6,39.0,5.83,339.0,439.5,7.83,2700.1,24.1,89.0,13,8,4,12,0.847,393,Respiratory
PAT-10081,39.4,Female,156.3,71.4,29.19,67.3,112.6,65.1,36.97,14.77,116.0,140.0,0.85,5828.3,272.3,99.2,1,2,1,1,0.097,44,Cardiovascular
PAT-10206,30.7,Female,156.0,72.9,29.94,62.0,122.2,78.8,37.17,13.2,98.5,201.9,0.72,5739.4,212.5,97.9,2,2,0,1,0.125,4,Metabolic
PAT-10035,51.9,Male,172.7,75.6,25.35,79.7,116.7,84.0,36.78,13.48,103.1,232.6,0.85,6436.5,307.8,98.2,1,0,0,0,0.429,37,Metabolic
PAT-10943,62.1,Female,177.6,94.9,30.1,48.9,79.0,54.2,40.71,7.48,462.6,540.7,5.94,2131.2,21.3,86.4,7,5,5,9,0.883,289,Rare Candidate
PAT-10776,65.7,Male,175.6,55.6,18.03,93.2,138.1,90.4,36.71,11.4,171.5,264.7,1.19,6480.5,189.6,95.1,3,2,1,4,0.814,7,Cardiovascular
PAT-10509,42.6,Female,181.9,66.1,19.97,68.9,107.6,69.4,36.58,14.89,81.8,,1.0,8726.4,277.8,97.0,4,2,0,0,0.446,21,Cardiovascular
PAT-10428,50.2,Female,187.5,68.2,19.4,95.0,138.2,74.2,36.42,14.24,100.5,176.4,0.68,5997.9,225.1,98.3,1,0,1,0,0.222,26,General
PAT-10455,35.6,Female,174.0,74.2,24.52,82.2,136.5,78.0,36.52,13.11,92.7,199.0,0.78,5221.5,236.2,98.6,1,0,0,0,0.45,39,Metabolic
PAT-11038,43.2,Female,169.0,61.8,21.64,140.3,214.8,121.6,40.36,20.96,436.9,479.9,6.01,41431.2,825.6,80.0,13,5,5,8,0.987,236,Respiratory
PAT-10367,44.7,Female,172.9,51.1,17.12,74.6,114.2,79.3,36.89,14.96,116.7,186.5,0.92,5306.6,294.9,98.2,0,2,1,0,0.193,1,General
PAT-10092,53.6,Male,164.1,59.8,22.21,86.3,128.5,80.0,36.46,15.38,78.3,186.5,1.26,9638.5,248.9,97.1,3,0,0,0,0.311,60,Cardiovascular
PAT-10340,35.2,Female,150.2,60.3,26.73,72.6,120.9,86.7,36.29,13.95,104.2,181.7,1.08,8036.8,248.8,97.8,1,1,2,0,0.143,17,Metabolic
PAT-10898,51.6,Female,164.5,95.4,35.27,96.1,147.2,92.3,36.8,14.86,150.8,237.4,1.61,4500.0,230.8,96.2,1,5,0,2,0.601,5,Metabolic
PAT-10565,51.8,Male,177.6,95.8,30.39,80.1,153.3,100.1,36.78,14.97,139.8,189.6,0.75,6435.5,229.2,97.7,2,2,0,0,0.706,60,Metabolic
PAT-10346,44.8,Male,179.0,73.4,22.9,61.1,117.9,86.8,36.37,16.57,95.7,154.9,0.82,7600.0,284.3,96.8,2,0,0,0,0.018,4,General
PAT-10777,73.2,Female,168.8,87.0,30.53,78.2,121.6,87.9,36.85,13.55,108.1,,1.17,8844.6,313.0,95.9,2,4,4,1,0.626,28,Metabolic
PAT-10242,40.6,Male,166.7,69.0,24.84,78.6,123.8,87.5,36.5,15.12,97.4,173.2,0.7,7138.4,254.7,97.9,2,1,0,1,0.467,1,General
PAT-10014,19.0,Male,173.2,60.1,20.04,79.1,111.0,88.7,36.43,13.02,100.2,174.6,0.81,5572.1,313.6,99.8,2,2,1,1,0.139,11,Cardiovascular
PAT-10316,42.3,Female,176.9,62.0,19.79,64.8,109.4,80.5,36.39,15.59,95.2,185.2,1.0,6121.9,177.4,98.2,0,0,0,1,0.145,6,Cardiovascular
PAT-10601,55.1,Female,155.9,65.3,26.88,70.5,126.2,93.5,36.61,14.65,148.5,260.7,1.37,6245.1,250.6,95.1,2,6,3,3,0.305,30,Metabolic
PAT-10388,64.5,Female,153.5,66.6,28.26,87.8,124.5,75.6,36.69,15.6,88.5,193.4,0.68,8196.1,243.5,97.7,1,1,0,0,0.458,5,General
PAT-10274,42.1,Male,167.5,80.8,28.79,60.3,127.5,70.3,36.84,15.06,103.7,146.3,0.97,8276.8,313.0,98.0,3,0,0,0,0.332,3,Cardiovascular
PAT-10167,51.9,Female,162.2,78.1,29.66,77.5,138.3,80.4,36.5,13.69,80.2,219.2,0.91,6514.6,254.7,97.5,0,1,1,3,0.321,22,General
PAT-10841,51.3,Female,168.4,96.8,34.14,78.3,119.1,81.2,37.1,13.74,184.2,203.9,1.07,7186.8,277.2,94.7,3,3,1,2,0.408,5,Respiratory
PAT-10021,59.6,Male,176.1,69.7,22.5,79.9,125.5,86.2,36.05,14.95,102.6,198.5,0.75,4904.7,250.1,99.1,1,0,0,0,0.165,14,General
PAT-10647,59.8,Male,165.7,74.0,26.96,77.9,155.3,83.0,36.81,12.85,140.0,268.6,0.7,5904.4,216.9,97.1,3,2,3,1,0.63,14,Metabolic
PAT-10819,38.4,Female,165.1,97.9,35.95,69.0,162.2,93.1,36.81,14.71,171.8,213.7,0.7,8225.1,297.8,95.7,2,3,4,1,0.276,180,Respiratory
PAT-10485,32.9,Male,178.8,45.0,14.08,76.2,102.7,92.0,36.05,14.03,71.0,186.2,0.72,7149.7,276.3,98.0,1,1,2,0,0.097,17,General
PAT-11043,30.2,Female,152.2,73.2,31.6,157.2,205.0,116.6,40.34,19.79,328.7,568.3,4.08,42178.8,737.5,82.1,13,6,5,6,0.833,260,Hematological
PAT-10505,34.2,Female,163.0,60.1,22.62,83.6,95.0,74.9,36.9,14.54,89.1,206.1,1.06,5163.1,289.8,96.9,3,3,0,0,0.273,12,Metabolic
PAT-10832,59.1,Male,174.7,104.5,34.25,74.7,151.5,97.2,36.62,14.01,134.0,267.5,1.12,7999.5,273.2,98.1,3,3,1,4,0.37,157,Cardiovascular
PAT-10244,52.4,Male,187.9,79.1,22.41,74.4,98.7,71.2,36.71,13.14,95.6,166.9,0.65,6044.9,271.0,98.5,1,2,2,1,0.215,24,General
PAT-10567,66.0,Male,154.4,90.5,37.97,80.6,147.8,84.7,36.73,11.7,110.7,251.6,1.09,8235.1,256.9,93.6,3,6,2,4,0.516,42,Cardiovascular
PAT-10876,71.5,Male,164.0,86.2,32.07,62.6,158.4,91.1,36.19,12.11,181.6,201.3,0.87,9695.3,141.2,99.5,4,2,1,1,0.326,30,Metabolic
PAT-10563,57.4,Female,161.3,108.4,41.68,87.1,130.3,79.6,36.78,12.69,180.7,218.9,1.09,7313.7,306.0,93.4,2,2,1,2,0.526,14,Metabolic
PAT-11026,76.8,Female,159.7,127.2,49.89,147.9,214.5,127.9,39.99,19.87,366.5,542.5,8.34,28002.3,784.3,88.2,14,6,5,10,0.966,186,Rare Candidate
PAT-10687,48.9,Female,164.7,83.6,30.84,72.7,147.6,100.6,37.17,12.12,193.4,205.5,1.17,5916.4,165.3,94.7,1,1,2,4,0.56,5,Cardiovascular
PAT-10958,50.1,Female,168.4,118.5,41.8,43.8,91.8,50.5,39.78,4.24,337.6,402.2,5.94,1450.1,30.4,82.6,6,8,6,8,0.838,333,Hematological
PAT-10190,23.8,Male,165.5,92.1,33.62,66.2,136.3,73.2,36.87,12.89,91.7,180.5,1.03,7353.0,222.5,98.4,0,3,0,2,0.115,2,Metabolic
PAT-10976,32.5,Female,159.8,109.2,42.75,43.6,86.9,45.6,38.97,5.8,363.1,548.2,6.79,1512.5,46.2,86.8,7,7,3,8,0.787,150,Rare Candidate
PAT-10700,63.6,Female,173.3,78.8,26.23,81.7,156.8,94.1,36.7,12.95,157.9,187.1,1.0,7677.5,269.9,97.7,3,1,3,1,0.627,103,Cardiovascular
PAT-10511,45.2,Female,186.6,79.9,22.96,69.0,133.3,79.7,36.69,14.03,100.2,219.5,0.77,4914.3,221.9,99.1,3,3,1,0,0.332,60,General
PAT-10475,61.7,Female,166.8,80.0,28.75,80.9,124.9,78.4,36.13,17.2,90.8,155.0,0.79,7742.2,298.5,99.1,1,2,2,0,0.432,31,General
PAT-10857,72.8,Female,150.8,96.5,42.43,93.8,144.3,101.4,36.57,14.61,230.6,211.4,1.31,5151.6,259.5,94.4,3,5,2,1,0.787,5,Cardiovascular
PAT-10748,50.5,Female,161.6,66.3,25.36,76.2,154.8,82.9,36.5,14.97,162.4,,1.13,5956.3,236.3,98.4,3,4,0,2,0.377,19,Cardiovascular
PAT-10253,67.5,Female,173.1,68.1,22.71,70.2,119.5,60.4,36.45,13.21,115.1,245.0,0.98,7788.9,366.6,99.1,0,0,0,2,0.398,9,General
PAT-10022,39.3,Female,173.7,61.0,20.22,69.9,126.3,82.2,36.23,12.93,89.3,188.5,0.98,5818.5,254.3,97.9,1,1,1,0,0.837,1,General
PAT-10460,27.6,Female,162.1,61.1,23.23,77.1,125.7,73.6,36.77,15.08,97.5,199.5,0.6,6134.0,246.0,97.8,1,0,2,0,0.138,11,General
PAT-10277,44.4,Female,172.8,45.0,15.06,72.8,120.9,84.9,36.25,15.32,88.1,232.8,0.65,4200.0,273.8,98.5,0,1,1,0,0.071,4,Cardiovascular
PAT-10956,75.1,Female,181.4,98.7,30.0,46.6,87.8,54.9,40.35,3.84,383.7,509.4,5.62,1482.8,38.9,87.8,9,5,5,13,0.999,304,Hematological
PAT-10386,43.8,Male,183.4,59.0,17.53,79.5,110.2,72.5,37.09,13.98,100.1,235.5,0.67,8407.2,221.3,99.0,2,0,0,0,0.247,2,Cardiovascular
PAT-10806,63.5,Female,180.0,64.3,19.83,76.9,157.5,94.6,36.71,14.05,,225.4,0.89,7736.0,174.0,99.5,2,5,3,2,0.416,22,Metabolic
PAT-10344,35.9,Male,173.4,62.9,20.92,80.6,126.0,79.9,36.62,14.89,88.9,202.9,1.01,5213.2,306.3,98.8,2,2,0,1,0.292,20,General
PAT-10770,55.4,Female,169.8,87.3,30.26,87.1,147.0,80.0,36.82,12.7,133.9,232.7,1.02,7474.9,140.0,99.5,1,4,2,3,0.196,27,Metabolic
PAT-10131,23.4,Male,189.6,67.1,18.67,68.8,119.4,87.5,35.94,12.71,87.1,177.7,0.73,5276.9,366.5,99.4,0,1,0,2,0.182,17,General
PAT-10872,52.5,Female,149.6,58.4,26.09,73.4,137.5,89.4,36.46,13.39,91.2,286.4,0.73,6768.7,249.7,97.3,2,1,1,2,0.476,12,Metabolic
PAT-10088,45.9,Female,156.5,85.4,34.88,71.1,114.7,76.3,36.19,13.14,110.0,211.0,0.99,9436.0,254.9,99.4,3,1,0,1,0.197,6,General
PAT-10331,41.9,Female,158.4,56.7,22.61,61.8,125.4,77.4,36.86,15.1,72.8,189.6,1.04,6981.7,307.3,97.8,4,2,1,0,0.246,28,General
PAT-10467,49.4,Male,170.2,70.0,24.18,65.9,123.9,77.1,36.6,14.17,88.5,153.0,0.98,7935.1,260.5,96.3,1,2,0,2,0.215,32,General
PAT-10122,31.1,Female,158.5,68.6,27.29,76.1,118.0,79.5,36.67,11.75,114.6,213.8,0.77,5676.1,262.9,98.3,1,0,2,0,0.242,8,Cardiovascular
PAT-11045,69.9,Male,154.4,54.6,22.93,136.3,212.3,133.7,39.22,19.7,506.1,368.7,5.91,30680.2,897.7,83.3,10,10,6,6,0.903,281,Rare Candidate
PAT-10861,69.4,Male,148.4,84.3,38.3,73.5,130.4,97.1,36.58,10.51,97.6,201.9,1.32,7721.3,210.8,94.8,2,3,1,2,0.555,9,Cardiovascular
